"Date","Price","Open","High","Low","Change %"
"10/10/2024","1.943","1.943","1.943","1.943","-2.51%"
"10/09/2024","1.993","1.993","1.993","1.993","0.00%"
"10/08/2024","1.993","1.993","1.993","1.993","0.00%"
"10/07/2024","1.993","1.993","1.993","1.993","0.05%"
"10/04/2024","1.992","1.992","1.992","1.992","-0.25%"
"10/03/2024","1.997","1.997","1.997","1.997","0.00%"
"10/02/2024","1.997","1.997","1.997","1.997","0.00%"
"10/01/2024","1.997","1.997","1.997","1.997","0.00%"
"09/30/2024","1.997","1.997","1.997","1.997","0.00%"
"09/27/2024","1.997","1.997","1.997","1.997","0.00%"
"09/26/2024","1.997","1.997","1.997","1.997","0.05%"
"09/25/2024","1.996","1.996","1.996","1.996","-0.05%"
"09/24/2024","1.997","2.001","2.001","1.997","-0.25%"
"09/23/2024","2.002","2.002","2.002","2.002","0.00%"
"09/20/2024","2.002","2.002","2.002","2.002","0.05%"
"09/19/2024","2.001","2.001","2.001","2.001","-0.25%"
"09/18/2024","2.006","2.006","2.006","2.006","0.00%"
"09/17/2024","2.006","2.009","2.009","2.006","-0.15%"
"09/16/2024","2.009","2.009","2.009","2.009","-0.05%"
"09/13/2024","2.010","2.010","2.010","2.010","0.00%"
"09/12/2024","2.010","2.010","2.010","2.010","0.00%"
"09/11/2024","2.010","2.010","2.010","2.010","0.00%"
"09/10/2024","2.010","2.010","2.010","2.010","0.00%"
"09/09/2024","2.010","2.010","2.010","2.010","0.00%"
"09/06/2024","2.010","2.010","2.010","2.010","0.00%"
"09/05/2024","2.010","2.010","2.010","2.010","0.00%"
"09/04/2024","2.010","2.010","2.010","2.010","0.00%"
"08/30/2024","2.010","2.010","2.010","2.010","0.00%"
"08/29/2024","2.010","2.010","2.010","2.010","0.00%"
"08/28/2024","2.010","2.010","2.010","2.010","0.00%"
"08/27/2024","2.010","2.010","2.010","2.010","-0.05%"
"08/26/2024","2.011","2.011","2.011","2.011","0.00%"
"08/23/2024","2.011","2.011","2.011","2.011","0.05%"
"08/22/2024","2.010","2.010","2.010","2.010","-0.79%"
"08/21/2024","2.026","2.026","2.026","2.026","0.00%"
"08/20/2024","2.026","2.026","2.026","2.026","0.00%"
"08/19/2024","2.026","2.026","2.026","2.026","-0.05%"
"08/16/2024","2.027","2.027","2.027","2.027","0.00%"
"08/15/2024","2.027","2.027","2.027","2.027","0.05%"
"08/14/2024","2.026","2.026","2.026","2.026","-0.05%"
"08/13/2024","2.027","2.027","2.027","2.027","0.00%"
"08/12/2024","2.027","2.027","2.027","2.027","0.00%"
"08/09/2024","2.027","2.027","2.027","2.027","0.00%"
"08/08/2024","2.027","2.027","2.027","2.027","0.00%"
"08/07/2024","2.027","2.027","2.027","2.027","0.00%"
"08/06/2024","2.027","2.027","2.027","2.027","0.00%"
"08/05/2024","2.027","2.027","2.027","2.027","0.00%"
"08/02/2024","2.027","2.027","2.027","2.027","0.00%"
"08/01/2024","2.027","2.027","2.027","2.027","0.15%"
"07/31/2024","2.024","2.024","2.024","2.024","-0.05%"
"07/30/2024","2.025","2.025","2.025","2.025","0.00%"
"07/29/2024","2.025","2.025","2.025","2.025","0.00%"
"07/26/2024","2.025","2.025","2.025","2.025","0.15%"
"07/25/2024","2.022","2.022","2.022","2.022","0.05%"
"07/24/2024","2.021","2.016","2.021","2.016","0.20%"
"07/23/2024","2.017","2.017","2.017","2.017","0.00%"
"07/22/2024","2.017","2.017","2.017","2.017","0.00%"
"07/19/2024","2.017","2.017","2.017","2.017","0.00%"
"07/18/2024","2.017","2.017","2.017","2.017","0.00%"
"07/17/2024","2.017","2.017","2.017","2.017","0.00%"
"07/16/2024","2.017","2.017","2.017","2.017","0.00%"
"07/15/2024","2.017","2.017","2.017","2.017","0.00%"
"07/12/2024","2.017","2.017","2.017","2.017","0.05%"
"07/11/2024","2.016","2.016","2.016","2.016","-0.05%"
"07/10/2024","2.017","2.017","2.017","2.017","0.00%"
"07/09/2024","2.017","2.017","2.017","2.017","0.00%"
"07/08/2024","2.017","2.017","2.017","2.017","0.00%"
"07/05/2024","2.017","2.017","2.017","2.017","0.00%"
"07/04/2024","2.017","2.017","2.017","2.017","0.00%"
"07/03/2024","2.017","2.017","2.017","2.017","0.05%"
"07/02/2024","2.016","2.016","2.016","2.016","-0.05%"
"07/01/2024","2.017","2.017","2.017","2.017","0.00%"
"06/28/2024","2.017","2.017","2.017","2.017","0.00%"
"06/27/2024","2.017","2.017","2.017","2.017","0.00%"
"06/26/2024","2.017","2.009","2.017","2.009","0.45%"
"06/25/2024","2.008","2.008","2.008","2.008","0.00%"
"06/24/2024","2.008","2.008","2.008","2.008","0.00%"
"06/21/2024","2.008","2.008","2.008","2.008","0.00%"
"06/20/2024","2.008","2.008","2.008","2.008","0.00%"
"06/19/2024","2.008","2.008","2.008","2.008","0.00%"
"06/18/2024","2.008","2.008","2.008","2.008","0.00%"
"06/17/2024","2.008","2.008","2.008","2.008","0.05%"
"06/14/2024","2.007","2.013","2.013","2.007","-0.30%"
"06/13/2024","2.013","2.013","2.013","2.013","0.00%"
"06/12/2024","2.013","2.013","2.013","2.013","0.00%"
"06/11/2024","2.013","2.013","2.013","2.013","0.00%"
"06/10/2024","2.013","2.013","2.013","2.013","0.00%"
"06/07/2024","2.013","2.013","2.013","2.013","0.00%"
"06/06/2024","2.013","2.021","2.021","2.013","-0.40%"
"06/05/2024","2.021","2.021","2.021","2.021","0.00%"
"06/04/2024","2.021","2.021","2.021","2.021","0.00%"
"06/03/2024","2.021","2.021","2.021","2.021","0.00%"
"05/31/2024","2.021","2.021","2.021","2.021","-0.05%"
"05/30/2024","2.022","2.022","2.022","2.022","0.05%"
"05/29/2024","2.021","2.021","2.021","2.021","0.00%"
"05/28/2024","2.021","2.021","2.021","2.021","0.00%"
"05/27/2024","2.021","2.021","2.021","2.021","0.00%"
"05/24/2024","2.021","2.013","2.021","2.013","0.40%"
"05/23/2024","2.013","1.971","2.013","1.971","2.08%"
"05/22/2024","1.972","1.972","1.972","1.972","0.05%"
"05/21/2024","1.971","1.971","1.971","1.971","0.00%"
"05/20/2024","1.971","1.971","1.971","1.971","-0.05%"
"05/17/2024","1.972","1.972","1.972","1.972","0.05%"
"05/16/2024","1.971","1.971","1.971","1.971","-0.05%"
"05/15/2024","1.972","1.972","1.972","1.972","0.00%"
"05/14/2024","1.972","1.979","1.979","1.972","-0.40%"
"05/13/2024","1.980","1.980","1.980","1.980","0.00%"
"05/10/2024","1.980","1.980","1.980","1.980","0.00%"
"05/09/2024","1.980","1.980","1.980","1.980","0.00%"
"05/08/2024","1.980","1.980","1.980","1.980","-0.85%"
"05/07/2024","1.997","1.997","1.997","1.997","0.00%"
"05/06/2024","1.997","1.997","1.997","1.997","-0.40%"
"05/03/2024","2.005","2.005","2.005","2.005","0.00%"
"05/02/2024","2.005","2.005","2.005","2.005","5.19%"
"05/01/2024","1.906","1.906","1.906","1.906","0.00%"
"04/30/2024","1.906","1.906","1.906","1.906","0.00%"
"04/29/2024","1.906","1.906","1.906","1.906","-4.92%"
"04/26/2024","2.004","2.004","2.004","2.004","0.00%"
"04/25/2024","2.004","2.004","2.004","2.004","0.00%"
"04/24/2024","2.004","1.988","2.004","1.988","0.80%"
"04/23/2024","1.988","1.988","1.988","1.988","0.00%"
"04/22/2024","1.988","1.988","1.988","1.988","0.00%"
"04/19/2024","1.988","1.975","1.988","1.975","5.72%"
"04/18/2024","1.880","1.880","1.880","1.880","-4.98%"
"04/17/2024","1.979","1.975","1.979","1.975","0.20%"
"04/16/2024","1.975","1.942","1.975","1.942","1.70%"
"04/15/2024","1.942","1.942","1.942","1.942","0.21%"
"04/12/2024","1.938","1.938","1.938","1.938","0.00%"
"04/11/2024","1.938","1.925","1.938","1.925","0.68%"
"04/10/2024","1.925","1.925","1.925","1.925","-2.14%"
"04/09/2024","1.967","1.963","1.967","1.963","0.20%"
"04/08/2024","1.963","1.963","1.963","1.963","2.19%"
"04/05/2024","1.921","1.921","1.921","1.921","0.00%"
"04/04/2024","1.921","1.921","1.921","1.921","0.00%"
"04/03/2024","1.921","1.824","1.921","1.824","5.26%"
"04/02/2024","1.825","1.758","1.825","1.758","3.81%"
"04/01/2024","1.758","1.721","1.758","1.721","2.21%"
"03/29/2024","1.720","1.708","1.720","1.708","0.70%"
"03/28/2024","1.708","1.646","1.708","1.646","3.77%"
"03/27/2024","1.646","1.583","1.646","1.583","3.98%"
"03/26/2024","1.583","1.579","1.583","1.579","0.25%"
"03/25/2024","1.579","1.579","1.579","1.579","3.27%"
"03/22/2024","1.529","1.529","1.529","1.529","-0.59%"
"03/21/2024","1.538","1.529","1.538","1.529","0.65%"
"03/20/2024","1.528","1.517","1.528","1.517","0.73%"
"03/19/2024","1.517","1.483","1.517","1.483","2.29%"
"03/18/2024","1.483","1.483","1.483","1.483","0.54%"
"03/15/2024","1.475","1.467","1.475","1.467","0.55%"
"03/14/2024","1.467","1.467","1.467","1.467","0.00%"
"03/13/2024","1.467","1.463","1.467","1.463","0.27%"
"03/12/2024","1.463","1.438","1.463","1.438","1.67%"
"03/11/2024","1.439","1.439","1.439","1.439","0.70%"
"03/08/2024","1.429","1.383","1.429","1.383","3.25%"
"03/07/2024","1.384","1.384","1.384","1.384","2.44%"
"03/06/2024","1.351","1.351","1.351","1.351","0.00%"
"03/05/2024","1.351","1.359","1.359","1.351","-0.59%"
"03/04/2024","1.359","1.359","1.359","1.359","0.00%"
"03/01/2024","1.359","1.359","1.359","1.359","0.07%"
"02/29/2024","1.358","1.342","1.358","1.342","1.19%"
"02/28/2024","1.342","1.358","1.358","1.342","-1.18%"
"02/27/2024","1.358","1.358","1.358","1.358","0.00%"
"02/26/2024","1.358","1.358","1.358","1.358","0.00%"
"02/23/2024","1.358","1.342","1.358","1.342","1.12%"
"02/22/2024","1.343","1.343","1.343","1.343","2.28%"
"02/21/2024","1.313","1.313","1.313","1.313","-0.08%"
"02/20/2024","1.314","1.314","1.314","1.314","0.00%"
"02/19/2024","1.314","1.314","1.314","1.314","0.00%"
"02/16/2024","1.314","1.354","1.354","1.292","1.70%"
"02/15/2024","1.292","1.354","1.354","1.292","3.03%"
"02/14/2024","1.254","1.254","1.254","1.254","0.00%"
"02/13/2024","1.254","1.254","1.254","1.254","0.00%"
"02/12/2024","1.254","1.254","1.254","1.254","0.00%"
"02/09/2024","1.254","1.254","1.254","1.254","0.00%"
"02/08/2024","1.254","1.254","1.254","1.254","-7.45%"
"02/07/2024","1.355","1.355","1.355","1.355","0.00%"
"02/06/2024","1.355","1.355","1.355","1.355","0.00%"
"02/05/2024","1.355","1.355","1.355","1.355","0.00%"
"02/02/2024","1.355","1.355","1.355","1.355","-0.07%"
"02/01/2024","1.356","1.356","1.356","1.356","0.07%"
"01/31/2024","1.355","1.355","1.355","1.355","0.07%"
"01/30/2024","1.354","1.354","1.354","1.354","0.00%"
"01/29/2024","1.354","1.354","1.354","1.354","0.00%"
"01/26/2024","1.354","1.354","1.354","1.354","-0.37%"
"01/25/2024","1.359","1.359","1.359","1.359","-0.66%"
"01/24/2024","1.368","1.368","1.368","1.368","-0.58%"
"01/23/2024","1.376","1.375","1.376","1.375","0.07%"
"01/22/2024","1.375","1.375","1.375","1.375","-0.07%"
"01/19/2024","1.376","1.376","1.376","1.376","0.00%"
"01/18/2024","1.376","1.376","1.376","1.376","0.00%"
"01/17/2024","1.376","1.376","1.376","1.376","-2.96%"
"01/16/2024","1.418","1.550","1.550","1.418","-8.52%"
"01/15/2024","1.550","1.700","1.700","1.550","-8.82%"
"01/12/2024","1.700","1.708","1.708","1.700","-0.47%"
"01/11/2024","1.708","1.738","1.738","1.708","-0.52%"
"01/10/2024","1.717","1.738","1.738","1.717","-1.21%"
"01/09/2024","1.738","1.775","1.775","1.738","-0.91%"
"01/08/2024","1.754","1.775","1.775","1.754","-1.18%"
"01/05/2024","1.775","1.764","1.775","1.764","0.62%"
"01/04/2024","1.764","1.764","1.764","1.764","0.00%"
"01/03/2024","1.764","1.769","1.769","1.764","-0.28%"
"01/02/2024","1.769","1.778","1.778","1.769","5.45%"
"01/01/2024","1.678","1.678","1.678","1.678","-5.65%"
"12/29/2023","1.778","1.778","1.778","1.778","0.06%"
"12/28/2023","1.777","1.777","1.777","1.777","-0.06%"
"12/27/2023","1.778","1.778","1.778","1.778","0.06%"
"12/26/2023","1.777","1.777","1.777","1.777","0.00%"
"12/25/2023","1.777","1.783","1.783","1.777","-0.28%"
"12/22/2023","1.782","1.782","1.782","1.782","0.00%"
"12/21/2023","1.782","1.778","1.782","1.778","0.22%"
"12/20/2023","1.778","1.783","1.783","1.778","-0.22%"
"12/19/2023","1.782","1.798","1.798","1.782","-0.67%"
"12/18/2023","1.794","1.798","1.798","1.794","-0.22%"
"12/15/2023","1.798","1.798","1.798","1.798","-0.28%"
"12/14/2023","1.803","1.803","1.803","1.743","-3.01%"
"12/13/2023","1.859","1.859","1.859","1.859","0.00%"
"12/12/2023","1.859","1.859","1.859","1.859","0.00%"
"12/11/2023","1.859","1.859","1.859","1.859","0.00%"
"12/08/2023","1.859","1.859","1.859","1.859","-0.48%"
"12/07/2023","1.868","1.868","1.868","1.868","-0.27%"
"12/06/2023","1.873","1.873","1.873","1.873","0.00%"
"12/05/2023","1.873","1.873","1.873","1.873","0.00%"
"12/04/2023","1.873","1.873","1.873","1.873","0.00%"
"12/01/2023","1.873","1.873","1.873","1.873","0.00%"
"11/30/2023","1.873","1.873","1.873","1.873","-0.48%"
"11/29/2023","1.882","1.882","1.882","1.882","-0.05%"
"11/28/2023","1.883","1.883","1.883","1.883","-0.42%"
"11/27/2023","1.891","1.891","1.891","1.891","0.00%"
"11/24/2023","1.891","1.891","1.891","1.891","-0.94%"
"11/23/2023","1.909","1.909","1.909","1.909","0.05%"
"11/22/2023","1.908","1.908","1.908","1.908","-0.16%"
"11/21/2023","1.911","1.911","1.911","1.911","-0.83%"
"11/20/2023","1.927","1.927","1.927","1.927","-0.72%"
"11/17/2023","1.941","1.941","1.941","1.941","0.00%"
"11/16/2023","1.941","1.941","1.941","1.941","-0.72%"
"11/15/2023","1.955","1.955","1.955","1.955","0.00%"
"11/14/2023","1.955","1.955","1.955","1.955","0.00%"
"11/13/2023","1.955","1.955","1.955","1.955","-1.36%"
"11/10/2023","1.982","1.982","1.982","1.982","0.00%"
"11/09/2023","1.982","1.982","1.982","1.982","0.71%"
"11/08/2023","1.968","1.968","1.968","1.968","-1.35%"
"11/07/2023","1.995","1.995","1.995","1.995","0.61%"
"11/06/2023","1.983","1.983","1.983","1.983","-1.29%"
"11/03/2023","2.009","2.009","2.009","2.009","-0.05%"
"11/02/2023","2.010","2.010","2.010","2.010","0.05%"
"11/01/2023","2.009","2.009","2.009","2.009","-0.45%"
"10/31/2023","2.018","2.018","2.018","2.018","-0.05%"
"10/30/2023","2.019","2.019","2.019","2.019","1.10%"
"10/27/2023","1.997","1.997","1.997","1.997","-0.45%"
"10/26/2023","2.006","2.006","2.006","2.006","-0.05%"
"10/25/2023","2.007","2.007","2.007","2.007","-1.23%"
"10/24/2023","2.032","2.032","2.032","2.032","-0.05%"
"10/23/2023","2.033","2.033","2.033","2.033","0.30%"
"10/20/2023","2.027","2.027","2.027","2.027","0.20%"
"10/19/2023","2.023","2.023","2.023","2.023","2.02%"
"10/18/2023","1.983","1.983","1.983","1.983","0.05%"
"10/17/2023","1.982","1.982","1.982","1.982","-0.05%"
"10/16/2023","1.983","1.983","1.983","1.983","-0.05%"
"10/13/2023","1.984","1.984","1.984","1.984","1.59%"
"10/12/2023","1.953","1.953","1.953","1.953","-1.26%"
"10/11/2023","1.978","1.978","1.978","1.978","-0.45%"
"10/10/2023","1.987","1.987","1.987","1.987","2.48%"
"10/09/2023","1.939","1.939","1.939","1.939","-1.52%"
"10/06/2023","1.969","1.969","1.969","1.969","0.92%"
"10/05/2023","1.951","1.951","1.951","1.951","0.67%"
"10/04/2023","1.938","1.938","1.938","1.938","0.47%"
"10/03/2023","1.929","1.929","1.929","1.929","1.15%"
"10/02/2023","1.907","1.906","1.907","1.906","0.05%"
"09/29/2023","1.906","1.906","1.906","1.906","0.32%"
"09/28/2023","1.900","1.900","1.900","1.900","0.00%"
"09/27/2023","1.900","1.900","1.900","1.900","0.00%"
"09/26/2023","1.900","1.900","1.900","1.900","0.00%"
"09/25/2023","1.900","1.900","1.900","1.900","0.00%"
"09/22/2023","1.900","1.900","1.900","1.900","0.00%"
"09/21/2023","1.900","1.900","1.900","1.900","0.00%"
"09/20/2023","1.900","1.900","1.900","1.900","-0.05%"
"09/19/2023","1.901","1.901","1.901","1.901","0.00%"
"09/18/2023","1.901","1.901","1.901","1.901","0.00%"
"09/15/2023","1.901","1.901","1.901","1.901","-0.21%"
"09/14/2023","1.905","1.905","1.905","1.905","0.00%"
"09/13/2023","1.905","1.905","1.905","1.905","-0.26%"
"09/12/2023","1.910","1.910","1.910","1.910","-0.21%"
"09/11/2023","1.914","1.914","1.914","1.914","-0.05%"
"09/08/2023","1.915","1.915","1.915","1.915","-0.57%"
"09/07/2023","1.926","1.926","1.926","1.926","0.52%"
"09/06/2023","1.916","1.916","1.916","1.916","0.00%"
"09/05/2023","1.916","1.916","1.916","1.916","5.62%"
"09/04/2023","1.814","1.814","1.814","1.814","0.00%"
"09/01/2023","1.814","1.814","1.814","1.814","-5.22%"
"08/31/2023","1.914","1.914","1.914","1.914","0.00%"
"08/30/2023","1.914","1.914","1.914","1.914","0.00%"
"08/29/2023","1.914","1.914","1.914","1.914","0.00%"
"08/28/2023","1.914","1.914","1.914","1.914","-0.05%"
"08/25/2023","1.915","1.915","1.915","1.915","0.05%"
"08/24/2023","1.914","1.914","1.914","1.914","-0.47%"
"08/23/2023","1.923","1.923","1.923","1.923","0.00%"
"08/22/2023","1.923","1.923","1.923","1.923","0.00%"
"08/21/2023","1.923","1.923","1.923","1.923","0.00%"
"08/18/2023","1.923","1.923","1.923","1.923","-0.47%"
"08/17/2023","1.932","1.932","1.932","1.932","0.26%"
"08/16/2023","1.927","1.927","1.927","1.927","0.47%"
"08/15/2023","1.918","1.918","1.918","1.918","0.00%"
"08/14/2023","1.918","1.918","1.918","1.918","0.42%"
"08/11/2023","1.910","1.910","1.910","1.910","0.00%"
"08/10/2023","1.910","1.910","1.910","1.910","-0.68%"
"08/09/2023","1.923","1.923","1.923","1.923","0.94%"
"08/08/2023","1.905","1.905","1.905","1.905","0.00%"
"08/07/2023","1.905","1.905","1.905","1.905","-0.21%"
"08/04/2023","1.909","1.909","1.909","1.909","-0.47%"
"08/03/2023","1.918","1.918","1.918","1.918","-0.26%"
"08/02/2023","1.923","1.923","1.923","1.923","0.00%"
"08/01/2023","1.923","1.923","1.923","1.923","0.00%"
"07/31/2023","1.923","1.923","1.923","1.923","0.00%"
"07/28/2023","1.923","1.923","1.923","1.923","0.00%"
"07/27/2023","1.923","1.923","1.923","1.923","-0.93%"
"07/26/2023","1.941","1.941","1.941","1.941","-0.46%"
"07/25/2023","1.950","1.950","1.950","1.950","0.00%"
"07/24/2023","1.950","1.950","1.950","1.950","0.00%"
"07/21/2023","1.950","1.950","1.950","1.950","-0.46%"
"07/20/2023","1.959","1.995","1.995","1.959","-1.80%"
"07/19/2023","1.995","2.027","2.027","1.995","-1.58%"
"07/18/2023","2.027","2.027","2.027","2.027","0.00%"
"07/17/2023","2.027","2.032","2.032","2.027","-0.25%"
"07/14/2023","2.032","2.041","2.041","2.032","-0.44%"
"07/13/2023","2.041","2.134","2.134","2.041","-4.36%"
"07/12/2023","2.134","2.260","2.260","2.134","-5.58%"
"07/11/2023","2.260","2.337","2.337","2.260","-3.29%"
"07/10/2023","2.337","2.329","2.337","2.329","0.34%"
"07/07/2023","2.329","2.333","2.333","2.329","-0.13%"
"07/06/2023","2.332","2.324","2.332","2.324","0.39%"
"07/05/2023","2.323","2.332","2.332","2.323","-0.43%"
"07/04/2023","2.333","2.333","2.333","2.333","0.00%"
"07/03/2023","2.333","2.336","2.336","2.333","-0.13%"
"06/30/2023","2.336","2.336","2.336","2.336","0.00%"
"06/29/2023","2.336","2.336","2.336","2.336","0.00%"
"06/28/2023","2.336","2.336","2.336","2.336","0.00%"
"06/27/2023","2.336","2.336","2.336","2.336","0.00%"
"06/26/2023","2.336","2.327","2.336","2.327","0.39%"
"06/23/2023","2.327","2.345","2.345","2.327","-0.77%"
"06/22/2023","2.345","2.368","2.368","2.345","-0.97%"
"06/21/2023","2.368","2.377","2.377","2.368","-0.38%"
"06/20/2023","2.377","2.405","2.405","2.377","-1.16%"
"06/19/2023","2.405","2.418","2.418","2.405","-0.54%"
"06/16/2023","2.418","2.418","2.418","2.418","-2.93%"
"06/15/2023","2.491","2.551","2.551","2.491","-2.31%"
"06/14/2023","2.550","2.568","2.568","2.550","-0.74%"
"06/13/2023","2.569","2.614","2.614","2.569","-1.72%"
"06/12/2023","2.614","2.614","2.614","2.614","-0.15%"
"06/09/2023","2.618","2.659","2.659","2.618","-1.54%"
"06/08/2023","2.659","2.659","2.659","2.659","0.00%"
"06/07/2023","2.659","2.668","2.668","2.659","-0.34%"
"06/06/2023","2.668","2.673","2.673","2.668","-0.19%"
"06/05/2023","2.673","2.673","2.673","2.673","0.00%"
"06/02/2023","2.673","2.696","2.696","2.673","-0.85%"
"06/01/2023","2.696","2.701","2.701","2.696","-0.15%"
"05/31/2023","2.700","2.709","2.709","2.700","-0.33%"
"05/30/2023","2.709","2.715","2.715","2.709","-0.18%"
"05/29/2023","2.714","2.714","2.714","2.714","1.00%"
"05/26/2023","2.687","2.687","2.687","2.687","0.86%"
"05/25/2023","2.664","2.660","2.664","2.660","0.19%"
"05/24/2023","2.659","2.655","2.659","2.655","0.15%"
"05/23/2023","2.655","2.655","2.655","2.655","0.00%"
"05/22/2023","2.655","2.655","2.655","2.655","-0.49%"
"05/19/2023","2.668","2.650","2.668","2.650","0.64%"
"05/18/2023","2.651","2.648","2.651","2.648","0.04%"
"05/17/2023","2.650","2.648","2.650","2.648","0.04%"
"05/16/2023","2.649","2.685","2.685","2.649","-1.34%"
"05/15/2023","2.685","2.673","2.685","2.673","0.45%"
"05/12/2023","2.673","2.677","2.677","2.673","-0.15%"
"05/11/2023","2.677","2.683","2.683","2.677","-0.19%"
"05/10/2023","2.682","2.683","2.683","2.682","-0.04%"
"05/09/2023","2.683","2.714","2.714","2.683","-1.14%"
"05/08/2023","2.714","2.714","2.714","2.714","-1.34%"
"05/05/2023","2.751","2.815","2.815","2.751","-2.27%"
"05/04/2023","2.815","2.790","2.815","2.790","4.82%"
"05/03/2023","2.685","2.685","2.685","2.685","-0.02%"
"05/02/2023","2.686","2.687","2.687","2.686","0.00%"
"05/01/2023","2.687","2.687","2.687","2.687","-3.57%"
"04/28/2023","2.786","2.773","2.786","2.773","0.51%"
"04/27/2023","2.772","2.902","2.902","2.772","-4.51%"
"04/26/2023","2.903","2.901","2.903","2.901","0.07%"
"04/25/2023","2.901","2.943","2.943","2.901","-1.39%"
"04/24/2023","2.942","2.942","2.942","2.942","0.14%"
"04/21/2023","2.938","2.938","2.938","2.938","0.00%"
"04/20/2023","2.938","2.938","2.938","2.938","1.59%"
"04/19/2023","2.892","2.963","2.963","2.892","-2.40%"
"04/18/2023","2.963","2.947","2.963","2.947","0.51%"
"04/17/2023","2.948","2.948","2.948","2.948","0.17%"
"04/14/2023","2.943","2.943","2.943","2.943","0.00%"
"04/13/2023","2.943","2.943","2.943","2.943","0.00%"
"04/12/2023","2.943","2.948","2.948","2.943","-0.17%"
"04/11/2023","2.948","2.926","2.948","2.926","0.79%"
"04/10/2023","2.925","2.925","2.925","2.925","-3.37%"
"04/07/2023","3.027","3.007","3.027","3.007","0.63%"
"04/06/2023","3.008","2.925","3.008","2.925","2.84%"
"04/05/2023","2.925","3.051","3.051","2.925","-4.13%"
"04/04/2023","3.051","3.045","3.051","3.045","0.20%"
"04/03/2023","3.045","3.045","3.045","3.045","-3.88%"
"03/31/2023","3.168","3.368","3.368","3.168","-5.94%"
"03/30/2023","3.368","3.509","3.509","3.368","-4.02%"
"03/29/2023","3.509","3.537","3.537","3.509","-0.79%"
"03/28/2023","3.537","3.564","3.564","3.537","-0.76%"
"03/27/2023","3.564","3.564","3.564","3.564","-1.63%"
"03/24/2023","3.623","3.645","3.645","3.623","-0.60%"
"03/23/2023","3.645","3.793","3.793","3.645","-3.90%"
"03/22/2023","3.793","3.816","3.816","3.793","-0.60%"
"03/21/2023","3.816","3.838","3.838","3.816","-0.57%"
"03/20/2023","3.838","3.843","3.843","3.838","-0.13%"
"03/17/2023","3.843","3.846","3.846","3.843","-0.08%"
"03/16/2023","3.846","3.846","3.846","3.846","-3.78%"
"03/15/2023","3.997","3.997","3.997","3.997","-0.10%"
"03/14/2023","4.001","4.001","4.001","4.001","-0.55%"
"03/13/2023","4.023","4.023","4.023","4.023","-0.69%"
"03/10/2023","4.051","4.051","4.051","4.051","0.00%"
"03/09/2023","4.051","4.051","4.051","4.051","-0.12%"
"03/08/2023","4.056","4.056","4.056","4.056","0.12%"
"03/07/2023","4.051","4.051","4.051","4.051","-0.10%"
"03/06/2023","4.055","4.055","4.055","4.055","0.00%"
"03/03/2023","4.055","4.055","4.055","4.055","-0.02%"
"03/02/2023","4.056","4.056","4.056","4.056","0.02%"
"03/01/2023","4.055","4.056","4.056","4.055","-0.02%"
"02/28/2023","4.056","4.056","4.056","4.056","-0.12%"
"02/27/2023","4.061","4.061","4.061","4.061","0.10%"
"02/24/2023","4.057","4.057","4.057","4.057","0.25%"
"02/23/2023","4.047","4.047","4.047","4.047","0.05%"
"02/22/2023","4.045","4.045","4.045","4.045","0.32%"
"02/21/2023","4.032","4.032","4.032","4.032","0.57%"
"02/20/2023","4.009","4.009","4.009","4.009","0.45%"
"02/17/2023","3.991","3.991","3.991","3.991","0.00%"
"02/16/2023","3.991","3.991","3.991","3.991","0.25%"
"02/15/2023","3.981","3.981","3.981","3.981","0.00%"
"02/14/2023","3.981","3.995","3.995","3.981","-0.35%"
"02/13/2023","3.995","3.974","3.995","3.974","0.53%"
"02/10/2023","3.974","4.008","4.008","3.974","-0.85%"
"02/09/2023","4.008","4.013","4.013","4.008","-0.12%"
"02/08/2023","4.013","4.022","4.022","4.013","-0.22%"
"02/07/2023","4.022","4.017","4.022","4.017","0.12%"
"02/06/2023","4.017","4.002","4.017","4.002","0.37%"
"02/03/2023","4.002","4.018","4.018","4.002","-0.40%"
"02/02/2023","4.018","4.177","4.177","4.018","-3.81%"
"02/01/2023","4.177","4.491","4.491","4.177","-6.99%"
"01/31/2023","4.491","4.564","4.564","4.491","-1.60%"
"01/30/2023","4.564","4.600","4.600","4.564","-0.78%"
"01/27/2023","4.600","4.636","4.636","4.600","1.41%"
"01/26/2023","4.536","4.536","4.536","4.536","0.00%"
"01/25/2023","4.536","4.536","4.536","4.536","0.00%"
"01/24/2023","4.536","4.536","4.536","4.536","0.00%"
"01/23/2023","4.536","4.536","4.536","4.536","0.00%"
"01/20/2023","4.536","4.536","4.536","4.536","-2.16%"
"01/19/2023","4.636","4.636","4.636","4.636","-0.11%"
"01/18/2023","4.641","4.641","4.641","4.641","-1.15%"
"01/17/2023","4.695","4.695","4.695","4.695","-0.21%"
"01/16/2023","4.705","4.705","4.705","4.705","0.00%"
"01/13/2023","4.705","4.705","4.705","4.705","-0.49%"
"01/12/2023","4.728","4.728","4.728","4.728","-1.81%"
"01/11/2023","4.815","4.815","4.815","4.815","-0.08%"
"01/10/2023","4.819","4.819","4.819","4.819","-0.39%"
"01/09/2023","4.838","4.838","4.838","4.838","-0.39%"
"01/06/2023","4.857","4.857","4.857","4.857","-0.16%"
"01/05/2023","4.865","4.865","4.865","4.865","-0.45%"
"01/04/2023","4.887","4.887","4.887","4.887","0.08%"
"01/03/2023","4.883","4.887","4.887","4.883","2.02%"
"01/02/2023","4.786","4.786","4.786","4.786","-2.04%"
"12/30/2022","4.886","4.886","4.886","4.886","-0.10%"
"12/29/2022","4.891","4.891","4.891","4.891","-0.71%"
"12/28/2022","4.926","4.926","4.926","4.926","0.00%"
"12/27/2022","4.926","4.926","4.926","4.926","0.00%"
"12/26/2022","4.926","4.926","4.926","4.926","0.22%"
"12/23/2022","4.915","4.926","4.926","4.915","-0.49%"
"12/22/2022","4.939","4.939","4.939","4.939","-0.10%"
"12/21/2022","4.944","4.944","4.944","4.944","0.00%"
"12/20/2022","4.944","4.944","4.944","4.944","-0.18%"
"12/19/2022","4.953","4.953","4.953","4.953","-0.06%"
"12/16/2022","4.956","4.956","4.956","4.956","0.00%"
"12/15/2022","4.956","4.956","4.956","4.956","-0.02%"
"12/14/2022","4.957","4.957","4.957","4.957","0.00%"
"12/13/2022","4.957","4.957","4.957","4.957","0.00%"
"12/12/2022","4.957","4.957","4.957","4.957","0.00%"
"12/09/2022","4.957","4.957","4.957","4.957","-0.02%"
"12/08/2022","4.958","4.958","4.958","4.958","-0.18%"
"12/07/2022","4.967","4.967","4.967","4.967","-0.06%"
"12/06/2022","4.970","4.970","4.970","4.970","0.00%"
"12/05/2022","4.970","4.970","4.970","4.970","-0.18%"
"12/02/2022","4.979","4.979","4.979","4.979","0.00%"
"12/01/2022","4.979","4.979","4.979","4.979","0.00%"
"11/30/2022","4.979","4.979","4.979","4.979","0.00%"
"11/29/2022","4.979","4.979","4.979","4.979","0.06%"
"11/28/2022","4.976","4.976","4.976","4.976","-0.04%"
"11/25/2022","4.978","4.978","4.978","4.978","0.00%"
"11/24/2022","4.978","4.978","4.978","4.978","0.14%"
"11/23/2022","4.971","4.971","4.971","4.971","0.00%"
"11/22/2022","4.971","4.971","4.971","4.971","0.00%"
"11/21/2022","4.971","4.971","4.971","4.971","-0.10%"
"11/18/2022","4.976","4.976","4.976","4.976","0.00%"
"11/17/2022","4.976","4.976","4.976","4.976","0.00%"
"11/16/2022","4.976","4.976","4.976","4.976","-0.06%"
"11/15/2022","4.979","4.979","4.979","4.979","-0.44%"
"11/14/2022","5.001","5.001","5.001","5.001","-0.44%"
"11/11/2022","5.023","5.023","5.023","5.023","0.08%"
"11/10/2022","5.019","5.019","5.019","5.019","-0.12%"
"11/09/2022","5.025","5.025","5.025","5.025","-0.14%"
"11/08/2022","5.032","5.032","5.032","5.032","-0.04%"
"11/07/2022","5.034","5.034","5.034","5.034","0.04%"
"11/04/2022","5.032","5.032","5.032","5.032","0.18%"
"11/03/2022","5.023","5.023","5.023","5.023","0.16%"
"11/02/2022","5.015","5.015","5.015","5.015","0.18%"
"11/01/2022","5.006","5.006","5.006","5.006","0.02%"
"10/31/2022","5.005","5.005","5.005","5.005","0.10%"
"10/28/2022","5.000","5.000","5.000","5.000","-0.18%"
"10/27/2022","5.009","5.009","5.009","5.009","0.46%"
"10/26/2022","4.986","4.986","4.986","4.986","0.26%"
"10/25/2022","4.973","4.973","4.973","4.973","1.20%"
"10/24/2022","4.914","4.914","4.914","4.914","-0.08%"
"10/21/2022","4.918","4.918","4.918","4.918","0.47%"
"10/20/2022","4.895","4.885","4.895","4.885","0.47%"
"10/19/2022","4.872","4.882","4.882","4.872","-0.47%"
"10/18/2022","4.895","4.895","4.895","4.895","-1.27%"
"10/17/2022","4.958","4.958","4.958","4.958","-0.12%"
"10/14/2022","4.964","4.964","4.964","4.964","-0.18%"
"10/13/2022","4.973","4.973","4.973","4.973","-0.08%"
"10/12/2022","4.977","4.977","4.977","4.977","0.73%"
"10/11/2022","4.941","4.941","4.941","4.941","-0.28%"
"10/10/2022","4.955","4.955","4.955","4.955","0.06%"
"10/07/2022","4.952","4.952","4.952","4.952","-0.28%"
"10/06/2022","4.966","4.966","4.966","4.966","-0.28%"
"10/05/2022","4.980","4.980","4.980","4.980","1.03%"
"10/04/2022","4.929","4.929","4.929","4.929","3.83%"
"10/03/2022","4.747","4.701","4.747","4.701","0.15%"
"09/30/2022","4.740","4.701","4.740","4.701","0.83%"
"09/29/2022","4.701","4.701","4.701","4.701","-0.68%"
"09/28/2022","4.733","4.733","4.733","4.733","2.87%"
"09/27/2022","4.601","4.601","4.601","4.601","6.58%"
"09/26/2022","4.317","4.317","4.317","4.317","0.40%"
"09/23/2022","4.300","4.300","4.300","4.300","4.44%"
"09/22/2022","4.117","4.117","4.117","4.117","13.89%"
"09/21/2022","3.615","3.615","3.615","3.615","8.56%"
"09/20/2022","3.330","3.330","3.330","3.330","3.61%"
"09/19/2022","3.214","3.214","3.214","3.214","0.66%"
"09/16/2022","3.193","3.193","3.193","3.193","2.57%"
"09/15/2022","3.113","3.113","3.113","3.113","-0.03%"
"09/14/2022","3.114","3.114","3.114","3.114","1.10%"
"09/13/2022","3.080","3.080","3.080","3.080","1.92%"
"09/12/2022","3.022","3.022","3.022","3.022","0.37%"
"09/09/2022","3.011","3.022","3.022","3.022","0.03%"
"09/08/2022","3.010","3.010","3.010","3.010","2.59%"
"09/07/2022","2.934","2.934","2.934","2.934","1.80%"
"09/06/2022","2.882","2.882","2.882","2.882","2.60%"
"09/05/2022","2.809","2.784","2.809","2.784","6.20%"
"09/02/2022","2.645","2.645","2.645","2.645","0.00%"
"09/01/2022","2.645","2.645","2.645","2.645","-3.57%"
"08/31/2022","2.743","2.747","2.747","2.743","-0.15%"
"08/30/2022","2.747","2.747","2.747","2.747","-0.11%"
"08/29/2022","2.750","2.760","2.760","2.750","-0.47%"
"08/26/2022","2.763","2.763","2.763","2.763","-0.14%"
"08/25/2022","2.767","2.767","2.767","2.767","0.47%"
"08/24/2022","2.754","2.767","2.767","2.767","-0.18%"
"08/23/2022","2.759","2.759","2.759","2.759","0.55%"
"08/22/2022","2.744","2.744","2.744","2.744","-0.15%"
"08/19/2022","2.748","2.748","2.748","2.748","0.33%"
"08/18/2022","2.739","2.739","2.739","2.739","-0.04%"
"08/17/2022","2.740","2.740","2.740","2.740","0.44%"
"08/16/2022","2.728","2.728","2.728","2.728","-0.07%"
"08/15/2022","2.730","2.730","2.730","2.730","0.26%"
"08/12/2022","2.723","2.723","2.723","2.723","-0.51%"
"08/11/2022","2.737","2.737","2.737","2.737","-1.19%"
"08/10/2022","2.770","2.761","2.770","2.761","-0.61%"
"08/09/2022","2.787","2.797","2.797","2.787","1.27%"
"08/08/2022","2.752","2.752","2.752","2.752","0.11%"
"08/05/2022","2.749","2.749","2.749","2.749","0.11%"
"08/04/2022","2.746","2.746","2.746","2.746","-0.04%"
"08/03/2022","2.747","2.747","2.747","2.747","0.44%"
"08/02/2022","2.735","2.735","2.735","2.735","0.00%"
"08/01/2022","2.735","2.735","2.735","2.735","-0.04%"
"07/29/2022","2.736","2.736","2.736","2.736","1.15%"
"07/28/2022","2.705","2.705","2.705","2.705","-5.65%"
"07/27/2022","2.867","2.867","2.867","2.867","24.60%"
"07/26/2022","2.301","2.301","2.301","2.301","3.51%"
"07/25/2022","2.223","2.223","2.223","2.223","1.09%"
"07/22/2022","2.199","2.189","2.199","2.189","2.28%"
"07/21/2022","2.150","2.161","2.161","2.150","-1.10%"
"07/20/2022","2.174","2.174","2.174","2.174","-0.96%"
"07/19/2022","2.195","2.195","2.195","2.195","6.66%"
"07/18/2022","2.058","2.058","2.058","2.058","1.63%"
"07/15/2022","2.025","2.025","2.025","2.025","0.30%"
"07/14/2022","2.019","2.019","2.019","2.019","0.40%"
"07/13/2022","2.011","2.011","2.011","2.011","-0.40%"
"07/12/2022","2.019","2.019","2.019","2.019","-0.49%"
"07/11/2022","2.029","2.029","2.029","2.029","-0.88%"
"07/08/2022","2.047","2.047","2.047","2.047","3.70%"
"07/07/2022","1.974","1.974","1.974","1.974","-0.25%"
"07/06/2022","1.979","1.979","1.979","1.979","-2.85%"
"07/05/2022","2.037","1.957","2.037","1.957","5.65%"
"07/04/2022","1.928","1.937","1.937","1.928","-1.23%"
"07/01/2022","1.952","1.990","2.022","1.952","0.10%"
"06/30/2022","1.950","1.950","1.950","1.950","-1.91%"
"06/29/2022","1.988","1.988","1.988","1.988","1.64%"
"06/28/2022","1.956","1.956","1.956","1.956","0.82%"
"06/27/2022","1.940","1.940","1.940","1.940","-0.05%"
"06/24/2022","1.941","1.942","1.942","1.941","-0.05%"
"06/23/2022","1.942","1.942","1.942","1.942","-0.05%"
"06/22/2022","1.943","1.943","1.943","1.943","-0.05%"
"06/21/2022","1.944","1.944","1.944","1.944","-0.05%"
"06/20/2022","1.945","1.945","1.945","1.945","4.74%"
"06/17/2022","1.857","1.857","1.857","1.857","-1.95%"
"06/16/2022","1.894","1.894","1.894","1.894","-2.12%"
"06/15/2022","1.935","1.935","1.935","1.935","0.05%"
"06/14/2022","1.934","1.934","1.934","1.934","0.16%"
"06/13/2022","1.931","1.931","1.931","1.931","3.32%"
"06/10/2022","1.869","1.869","1.869","1.869","-1.32%"
"06/09/2022","1.894","1.894","1.894","1.894","-1.92%"
"06/08/2022","1.931","1.931","1.931","1.931","-0.10%"
"06/07/2022","1.933","1.933","1.933","1.933","0.89%"
"06/06/2022","1.916","1.916","1.916","1.916","-7.66%"
"06/03/2022","2.075","2.075","2.075","2.075","0.73%"
"06/02/2022","2.060","2.060","2.060","2.060","-0.68%"
"06/01/2022","2.074","2.087","2.087","2.074","-0.58%"
"05/31/2022","2.086","2.086","2.086","2.086","-0.76%"
"05/30/2022","2.102","2.102","2.102","2.102","0.72%"
"05/27/2022","2.087","2.087","2.087","2.087","-0.86%"
"05/26/2022","2.105","2.105","2.105","2.105","0.96%"
"05/25/2022","2.085","2.085","2.085","2.085","-0.71%"
"05/24/2022","2.100","2.100","2.100","2.100","-0.43%"
"05/23/2022","2.109","2.109","2.109","2.109","-2.18%"
"05/20/2022","2.156","2.156","2.156","2.156","-0.65%"
"05/19/2022","2.170","2.170","2.170","2.170","-0.46%"
"05/18/2022","2.180","2.180","2.180","2.180","0.00%"
"05/17/2022","2.180","2.180","2.180","2.180","-0.05%"
"05/16/2022","2.181","2.181","2.181","2.181","-0.27%"
"05/13/2022","2.187","2.187","2.187","2.187","0.88%"
"05/12/2022","2.168","2.168","2.168","2.168","2.75%"
"05/11/2022","2.110","2.110","2.110","2.110","1.49%"
"05/10/2022","2.079","2.079","2.079","2.079","0.05%"
"05/09/2022","2.078","2.078","2.078","2.078","3.08%"
"05/06/2022","2.016","2.016","2.016","2.016","-0.10%"
"05/05/2022","2.018","2.018","2.018","2.018","1.51%"
"05/04/2022","1.988","1.988","1.988","1.988","5.41%"
"05/03/2022","1.886","1.886","1.886","1.886","0.00%"
"05/02/2022","1.886","1.886","1.886","1.886","-5.04%"
"04/29/2022","1.986","1.986","1.986","1.986","-0.25%"
"04/28/2022","1.991","1.991","1.991","1.991","-0.10%"
"04/27/2022","1.993","1.993","1.993","1.993","-0.10%"
"04/26/2022","1.995","1.995","1.995","1.995","0.05%"
"04/25/2022","1.994","1.994","1.994","1.994","-0.60%"
"04/22/2022","2.006","2.006","2.006","2.006","2.14%"
"04/21/2022","1.964","1.964","1.964","1.964","-0.66%"
"04/20/2022","1.977","1.977","1.977","1.977","-1.45%"
"04/19/2022","2.006","2.006","2.006","2.006","-5.06%"
"04/18/2022","2.113","2.113","2.113","2.113","1.49%"
"04/15/2022","2.082","2.082","2.082","2.082","-1.37%"
"04/14/2022","2.111","2.111","2.111","2.111","0.38%"
"04/13/2022","2.103","2.103","2.103","2.103","-2.41%"
"04/12/2022","2.155","2.155","2.155","2.155","11.92%"
"04/11/2022","1.926","1.926","1.926","1.926","-4.96%"
"04/08/2022","2.026","2.026","2.026","2.026","0.65%"
"04/07/2022","2.013","2.013","2.013","2.013","4.57%"
"04/06/2022","1.925","1.925","1.925","1.925","9.75%"
"04/05/2022","1.754","1.754","1.754","1.754","0.75%"
"04/04/2022","1.741","1.741","1.741","1.741","0.58%"
"04/01/2022","1.731","1.729","1.731","1.729","0.41%"
"03/31/2022","1.724","1.724","1.724","1.724","5.12%"
"03/30/2022","1.640","1.641","1.641","1.640","-5.75%"
"03/29/2022","1.740","1.740","1.740","1.740","1.16%"
"03/28/2022","1.720","1.720","1.720","1.720","-2.82%"
"03/25/2022","1.770","1.770","1.770","1.770","0.57%"
"03/24/2022","1.760","1.760","1.760","1.760","-0.85%"
"03/23/2022","1.775","1.775","1.775","1.775","-0.28%"
"03/22/2022","1.780","1.780","1.780","1.780","3.85%"
"03/21/2022","1.714","1.714","1.714","1.714","6.00%"
"03/18/2022","1.617","1.617","1.617","1.617","1.00%"
"03/17/2022","1.601","1.601","1.601","1.601","0.00%"
"03/16/2022","1.601","1.601","1.601","1.601","0.00%"
"03/15/2022","1.601","1.601","1.601","1.601","7.09%"
"03/14/2022","1.495","1.495","1.495","1.495","0.67%"
"03/11/2022","1.485","1.485","1.485","1.485","0.68%"
"03/10/2022","1.475","1.475","1.475","1.475","-1.01%"
"03/09/2022","1.490","1.490","1.490","1.490","0.74%"
"03/08/2022","1.479","1.479","1.479","1.479","-0.07%"
"03/07/2022","1.480","1.480","1.480","1.480","-0.34%"
"03/04/2022","1.485","1.485","1.485","1.485","-4.62%"
"03/03/2022","1.557","1.557","1.557","1.557","8.81%"
"03/02/2022","1.431","1.431","1.431","1.431","-2.52%"
"03/01/2022","1.468","1.468","1.468","1.468","6.15%"
"02/28/2022","1.383","1.383","1.383","1.383","8.98%"
"02/25/2022","1.269","1.269","1.269","1.269","17.17%"
"02/24/2022","1.083","1.083","1.083","1.083","4.64%"
"02/23/2022","1.035","1.035","1.035","1.035","1.87%"
"02/22/2022","1.016","1.016","1.016","1.016","0.10%"
"02/21/2022","1.015","1.015","1.015","1.015","1.50%"
"02/18/2022","1.000","1.000","1.000","1.000","8.11%"
"02/17/2022","0.925","0.925","0.925","0.925","11.18%"
"02/16/2022","0.832","0.832","0.832","0.832","9.47%"
"02/15/2022","0.760","0.760","0.760","0.760","3.12%"
"02/14/2022","0.737","0.737","0.737","0.737","2.22%"
"02/11/2022","0.721","0.721","0.721","0.721","2.12%"
"02/10/2022","0.706","0.706","0.706","0.706","0.43%"
"02/09/2022","0.703","0.703","0.703","0.703","8.99%"
"02/08/2022","0.645","0.645","0.645","0.645","1.74%"
"02/07/2022","0.634","0.637","0.637","0.634","20.08%"
"02/04/2022","0.528","0.528","0.528","0.528","0.00%"
"02/03/2022","0.528","0.528","0.528","0.528","0.00%"
"02/02/2022","0.528","0.528","0.528","0.528","0.00%"
"02/01/2022","0.528","0.528","0.528","0.528","0.00%"
"01/31/2022","0.528","0.528","0.528","0.528","-15.92%"
"01/28/2022","0.628","0.628","0.628","0.628","0.00%"
"01/27/2022","0.628","0.628","0.628","0.628","-0.16%"
"01/26/2022","0.629","0.629","0.629","0.629","-2.63%"
"01/25/2022","0.646","0.646","0.646","0.646","1.10%"
"01/24/2022","0.639","0.639","0.639","0.639","-3.62%"
"01/21/2022","0.663","0.663","0.663","0.663","1.22%"
"01/20/2022","0.655","0.655","0.655","0.655","-2.38%"
"01/19/2022","0.671","0.671","0.671","0.671","-4.69%"
"01/18/2022","0.704","0.704","0.704","0.704","-0.14%"
"01/17/2022","0.705","0.705","0.705","0.705","1.15%"
"01/14/2022","0.697","0.697","0.697","0.697","-1.27%"
"01/13/2022","0.706","0.706","0.706","0.706","1.15%"
"01/12/2022","0.698","0.698","0.698","0.698","-0.14%"
"01/11/2022","0.699","0.699","0.699","0.699","-2.92%"
"01/10/2022","0.720","0.720","0.720","0.720","0.00%"
"01/07/2022","0.720","0.720","0.720","0.720","0.00%"
"01/06/2022","0.720","0.720","0.720","0.720","-0.14%"
"01/05/2022","0.721","0.721","0.721","0.721","0.28%"
"01/04/2022","0.719","0.727","0.727","0.719","16.82%"
"01/03/2022","0.615","0.616","0.616","0.615","-13.92%"
"12/31/2021","0.715","0.715","0.715","0.715","0.14%"
"12/30/2021","0.714","0.714","0.714","0.714","-0.14%"
"12/29/2021","0.715","0.715","0.715","0.715","0.00%"
"12/28/2021","0.715","0.715","0.715","0.715","-1.38%"
"12/27/2021","0.725","0.725","0.725","0.725","-1.09%"
"12/24/2021","0.733","0.723","0.733","0.723","6.23%"
"12/23/2021","0.690","0.690","0.690","0.690","1.77%"
"12/22/2021","0.678","0.678","0.678","0.678","3.35%"
"12/21/2021","0.656","0.667","0.667","0.656","-2.09%"
"12/20/2021","0.670","0.680","0.680","0.670","-7.97%"
"12/17/2021","0.728","0.708","0.728","0.708","19.34%"
"12/16/2021","0.610","0.610","0.610","0.610","0.00%"
"12/15/2021","0.610","0.610","0.610","0.610","-2.09%"
"12/14/2021","0.623","0.623","0.623","0.623","-1.58%"
"12/13/2021","0.633","0.633","0.633","0.633","-4.81%"
"12/10/2021","0.665","0.665","0.665","0.665","0.00%"
"12/09/2021","0.665","0.655","0.665","0.655","9.20%"
"12/08/2021","0.609","0.609","0.609","0.609","5.00%"
"12/07/2021","0.580","0.580","0.580","0.580","-1.69%"
"12/06/2021","0.590","0.591","0.591","0.590","-7.52%"
"12/03/2021","0.638","0.627","0.638","0.627","10.00%"
"12/02/2021","0.580","0.580","0.580","0.580","-0.17%"
"12/01/2021","0.581","0.581","0.581","0.581","0.17%"
"11/30/2021","0.580","0.580","0.580","0.580","0.00%"
"11/29/2021","0.580","0.580","0.580","0.580","-0.17%"
"11/26/2021","0.581","0.581","0.581","0.581","0.00%"
"11/25/2021","0.581","0.581","0.581","0.581","0.00%"
"11/24/2021","0.581","0.582","0.582","0.581","-0.17%"
"11/23/2021","0.582","0.582","0.582","0.582","0.00%"
"11/22/2021","0.582","0.583","0.583","0.582","0.00%"
"11/19/2021","0.582","0.582","0.582","0.582","0.00%"
"11/18/2021","0.582","0.582","0.582","0.582","-0.17%"
"11/17/2021","0.583","0.583","0.583","0.583","0.00%"
"11/16/2021","0.583","0.583","0.583","0.583","-0.17%"
"11/15/2021","0.584","0.582","0.584","0.582","0.17%"
"11/12/2021","0.583","0.583","0.583","0.583","0.00%"
"11/11/2021","0.583","0.583","0.583","0.583","0.00%"
"11/10/2021","0.583","0.586","0.586","0.583","-0.51%"
"11/09/2021","0.586","0.587","0.587","0.586","-0.17%"
"11/08/2021","0.587","0.582","0.587","0.582","0.86%"
"11/05/2021","0.582","0.583","0.583","0.582","-0.17%"
"11/04/2021","0.583","0.584","0.584","0.583","-0.17%"
"11/03/2021","0.584","0.584","0.584","0.584","0.17%"
"11/02/2021","0.583","0.584","0.584","0.583","-0.17%"
"11/01/2021","0.584","0.584","0.584","0.584","-0.17%"
"10/29/2021","0.585","0.585","0.585","0.585","0.00%"
"10/28/2021","0.585","0.585","0.585","0.585","-0.17%"
"10/27/2021","0.586","0.586","0.586","0.586","0.17%"
"10/26/2021","0.585","0.585","0.585","0.585","-3.47%"
"10/25/2021","0.606","0.607","0.607","0.606","-0.33%"
"10/22/2021","0.608","0.608","0.608","0.608","0.16%"
"10/21/2021","0.607","0.608","0.608","0.607","-0.16%"
"10/20/2021","0.608","0.608","0.608","0.608","-0.16%"
"10/19/2021","0.609","0.609","0.609","0.609","0.16%"
"10/18/2021","0.608","0.608","0.608","0.608","-0.16%"
"10/15/2021","0.609","0.620","0.620","0.609","-1.62%"
"10/14/2021","0.619","0.619","0.619","0.619","-0.16%"
"10/13/2021","0.620","0.620","0.620","0.620","0.16%"
"10/12/2021","0.619","0.621","0.621","0.619","-0.16%"
"10/11/2021","0.620","0.620","0.620","0.620","-0.32%"
"10/08/2021","0.622","0.612","0.622","0.612","1.63%"
"10/07/2021","0.612","0.613","0.613","0.612","0.00%"
"10/06/2021","0.612","0.612","0.612","0.612","0.00%"
"10/05/2021","0.612","0.613","0.613","0.612","-0.16%"
"10/04/2021","0.613","0.613","0.613","0.613","19.26%"
"10/03/2021","0.514","0.514","0.514","0.514","-16.29%"
"10/01/2021","0.614","0.615","0.615","0.614","-0.16%"
"09/30/2021","0.615","0.615","0.615","0.615","0.00%"
"09/29/2021","0.615","0.615","0.615","0.615","11.41%"
"09/28/2021","0.552","0.552","0.552","0.552","5.34%"
"09/27/2021","0.524","0.524","0.524","0.524","0.77%"
"09/24/2021","0.520","0.501","0.520","0.501","3.79%"
"09/23/2021","0.501","0.501","0.501","0.501","0.00%"
"09/22/2021","0.501","0.501","0.501","0.501","10.35%"
"09/21/2021","0.454","0.464","0.464","0.454","-2.16%"
"09/20/2021","0.464","0.464","0.464","0.464","-0.43%"
"09/17/2021","0.466","0.466","0.466","0.466","0.00%"
"09/16/2021","0.466","0.467","0.467","0.464","0.43%"
"09/15/2021","0.464","0.467","0.467","0.464","-0.85%"
"09/14/2021","0.468","0.468","0.468","0.468","0.00%"
"09/13/2021","0.468","0.468","0.468","0.468","0.00%"
"09/10/2021","0.468","0.468","0.468","0.468","-0.43%"
"09/09/2021","0.470","0.470","0.470","0.470","0.00%"
"09/08/2021","0.470","0.470","0.470","0.470","-0.42%"
"09/07/2021","0.472","0.472","0.472","0.472","0.00%"
"09/06/2021","0.472","0.472","0.472","0.472","26.54%"
"09/03/2021","0.373","0.373","0.373","0.373","0.00%"
"09/02/2021","0.373","0.373","0.373","0.373","-21.14%"
"09/01/2021","0.473","0.473","0.473","0.473","18.25%"
"08/31/2021","0.400","0.400","0.400","0.400","-2.44%"
"08/30/2021","0.410","0.410","0.410","0.410","-0.24%"
"08/27/2021","0.411","0.411","0.411","0.411","0.24%"
"08/26/2021","0.410","0.410","0.410","0.410","0.00%"
"08/25/2021","0.410","0.410","0.410","0.410","0.00%"
"08/24/2021","0.410","0.410","0.410","0.410","0.00%"
"08/23/2021","0.410","0.410","0.410","0.410","0.00%"
"08/20/2021","0.410","0.410","0.410","0.410","-2.61%"
"08/19/2021","0.421","0.421","0.421","0.421","0.24%"
"08/18/2021","0.420","0.420","0.420","0.420","-0.24%"
"08/17/2021","0.421","0.420","0.421","0.420","0.24%"
"08/16/2021","0.420","0.420","0.420","0.420","0.00%"
"08/13/2021","0.420","0.420","0.420","0.420","0.00%"
"08/12/2021","0.420","0.420","0.420","0.420","0.00%"
"08/11/2021","0.420","0.420","0.420","0.420","0.00%"
"08/10/2021","0.420","0.420","0.420","0.420","0.00%"
"08/09/2021","0.420","0.422","0.422","0.420","-0.94%"
"08/06/2021","0.424","0.424","0.424","0.424","-0.24%"
"08/05/2021","0.425","0.414","0.425","0.414","2.66%"
"08/04/2021","0.414","0.394","0.414","0.394","5.34%"
"08/03/2021","0.393","0.393","0.393","0.393","-13.05%"
"08/02/2021","0.452","0.452","0.452","0.452","-0.22%"
"07/30/2021","0.453","0.453","0.453","0.453","0.00%"
"07/29/2021","0.453","0.454","0.454","0.453","-0.22%"
"07/28/2021","0.454","0.455","0.455","0.454","0.00%"
"07/27/2021","0.454","0.455","0.455","0.454","-0.44%"
"07/26/2021","0.456","0.457","0.457","0.456","-0.22%"
"07/23/2021","0.457","0.454","0.457","0.454","0.66%"
"07/22/2021","0.454","0.454","0.454","0.454","0.00%"
"07/21/2021","0.454","0.454","0.454","0.454","0.00%"
"07/20/2021","0.454","0.454","0.454","0.454","-2.16%"
"07/19/2021","0.464","0.464","0.464","0.464","0.00%"
"07/16/2021","0.464","0.461","0.464","0.461","0.00%"
"07/15/2021","0.464","0.462","0.464","0.462","0.00%"
"07/14/2021","0.464","0.462","0.464","0.462","0.22%"
"07/13/2021","0.463","0.463","0.463","0.463","-0.22%"
"07/12/2021","0.464","0.464","0.464","0.464","0.00%"
"07/09/2021","0.464","0.464","0.464","0.464","0.00%"
"07/08/2021","0.464","0.464","0.464","0.464","0.00%"
"07/07/2021","0.464","0.464","0.464","0.464","-3.33%"
"07/06/2021","0.480","0.490","0.490","0.480","-7.69%"
"07/05/2021","0.520","0.520","0.520","0.520","0.00%"
"07/02/2021","0.520","0.520","0.520","0.520","0.00%"
"07/01/2021","0.520","0.520","0.520","0.520","6.12%"
"06/30/2021","0.490","0.490","0.490","0.490","-2.00%"
"06/29/2021","0.500","0.498","0.500","0.498","0.40%"
"06/28/2021","0.498","0.487","0.498","0.487","2.26%"
"06/25/2021","0.487","0.489","0.489","0.487","-0.41%"
"06/24/2021","0.489","0.483","0.489","0.483","1.24%"
"06/23/2021","0.483","0.484","0.484","0.483","-0.21%"
"06/22/2021","0.484","0.496","0.496","0.484","-2.22%"
"06/21/2021","0.495","0.499","0.499","0.495","-0.80%"
"06/18/2021","0.499","0.512","0.512","0.499","-2.54%"
"06/17/2021","0.512","0.510","0.512","0.510","0.39%"
"06/16/2021","0.510","0.510","0.510","0.510","-0.20%"
"06/15/2021","0.511","0.511","0.511","0.511","0.20%"
"06/14/2021","0.510","0.511","0.511","0.510","-0.39%"
"06/11/2021","0.512","0.513","0.513","0.512","-0.19%"
"06/10/2021","0.513","0.513","0.513","0.513","0.20%"
"06/09/2021","0.512","0.514","0.514","0.512","-0.19%"
"06/08/2021","0.513","0.513","0.513","0.513","-0.19%"
"06/07/2021","0.514","0.516","0.516","0.514","-0.39%"
"06/04/2021","0.516","0.517","0.517","0.516","-0.19%"
"06/03/2021","0.517","0.483","0.517","0.483","7.04%"
"06/02/2021","0.483","0.530","0.530","0.483","-8.70%"
"06/01/2021","0.529","0.641","0.641","0.529","-17.60%"
"05/31/2021","0.642","0.602","0.642","0.602","6.82%"
"05/28/2021","0.601","0.632","0.632","0.601","-5.06%"
"05/27/2021","0.633","0.415","0.633","0.415","52.53%"
"05/26/2021","0.415","0.422","0.422","0.415","-1.66%"
"05/25/2021","0.422","0.422","0.422","0.422","0.00%"
"05/24/2021","0.422","0.423","0.423","0.422","-0.24%"
"05/21/2021","0.423","0.424","0.424","0.423","-0.47%"
"05/20/2021","0.425","0.425","0.425","0.425","0.00%"
"05/19/2021","0.425","0.414","0.425","0.414","2.66%"
"05/18/2021","0.414","0.374","0.414","0.374","10.70%"
"05/17/2021","0.374","0.409","0.409","0.374","-8.56%"
"05/14/2021","0.409","0.409","0.409","0.409","0.00%"
"05/13/2021","0.409","0.387","0.409","0.387","5.96%"
"05/12/2021","0.386","0.387","0.387","0.386","-0.52%"
"05/11/2021","0.388","0.388","0.388","0.388","0.00%"
"05/10/2021","0.388","0.390","0.390","0.388","-0.51%"
"05/07/2021","0.390","0.385","0.390","0.385","1.30%"
"05/06/2021","0.385","0.385","0.385","0.385","0.00%"
"05/05/2021","0.385","0.391","0.391","0.385","-1.79%"
"05/04/2021","0.392","0.377","0.392","0.377","41.77%"
"05/03/2021","0.276","0.280","0.280","0.276","-1.07%"
"04/30/2021","0.280","0.280","0.280","0.280","-26.45%"
"04/29/2021","0.380","0.385","0.385","0.380","-1.30%"
"04/28/2021","0.385","0.395","0.395","0.385","-2.28%"
"04/27/2021","0.394","0.377","0.394","0.377","4.51%"
"04/26/2021","0.377","0.377","0.377","0.377","-2.84%"
"04/23/2021","0.388","0.389","0.389","0.388","0.00%"
"04/22/2021","0.388","0.389","0.389","0.388","34.26%"
"04/21/2021","0.289","0.289","0.289","0.289","-25.71%"
"04/20/2021","0.389","0.388","0.389","0.388","0.00%"
"04/19/2021","0.389","0.389","0.389","0.389","-0.26%"
"04/16/2021","0.390","0.390","0.390","0.390","0.00%"
"04/15/2021","0.390","0.409","0.409","0.390","-4.65%"
"04/14/2021","0.409","0.409","0.409","0.409","-0.24%"
"04/13/2021","0.410","0.401","0.410","0.401","2.24%"
"04/12/2021","0.401","0.394","0.401","0.394","2.04%"
"04/09/2021","0.393","0.394","0.394","0.393","-0.51%"
"04/08/2021","0.395","0.395","0.395","0.395","0.25%"
"04/07/2021","0.394","0.395","0.395","0.394","-0.51%"
"04/06/2021","0.396","0.405","0.405","0.396","-2.22%"
"04/05/2021","0.405","0.405","0.405","0.405","1.76%"
"04/02/2021","0.398","0.398","0.398","0.398","0.00%"
"04/01/2021","0.398","0.398","0.398","0.398","14.04%"
"03/31/2021","0.349","0.349","0.349","0.349","0.00%"
"03/30/2021","0.349","0.349","0.349","0.349","0.00%"
"03/29/2021","0.349","0.352","0.352","0.349","-0.57%"
"03/26/2021","0.351","0.347","0.351","0.347","0.86%"
"03/25/2021","0.348","0.348","0.348","0.348","0.00%"
"03/24/2021","0.348","0.359","0.359","0.348","-3.06%"
"03/23/2021","0.359","0.359","0.359","0.359","0.84%"
"03/22/2021","0.356","0.363","0.363","0.356","-1.93%"
"03/19/2021","0.363","0.370","0.370","0.363","-1.89%"
"03/18/2021","0.370","0.366","0.370","0.366","1.09%"
"03/17/2021","0.366","0.375","0.375","0.366","-2.40%"
"03/16/2021","0.375","0.376","0.376","0.375","-0.27%"
"03/15/2021","0.376","0.360","0.376","0.360","4.74%"
"03/12/2021","0.359","0.357","0.359","0.357","0.84%"
"03/11/2021","0.356","0.354","0.356","0.354","0.56%"
"03/10/2021","0.354","0.357","0.357","0.354","-0.84%"
"03/09/2021","0.357","0.354","0.357","0.354","0.85%"
"03/08/2021","0.354","0.354","0.354","0.354","-3.01%"
"03/05/2021","0.365","0.364","0.365","0.364","0.27%"
"03/04/2021","0.364","0.365","0.365","0.364","-0.27%"
"03/03/2021","0.365","0.375","0.375","0.365","-2.41%"
"03/02/2021","0.374","0.373","0.374","0.373","0.27%"
"03/01/2021","0.373","0.375","0.375","0.373","-0.80%"
"02/26/2021","0.376","0.347","0.376","0.347","8.36%"
"02/25/2021","0.347","0.348","0.348","0.347","0.00%"
"02/24/2021","0.347","0.335","0.347","0.335","3.58%"
"02/23/2021","0.335","0.353","0.353","0.335","-5.10%"
"02/22/2021","0.353","0.351","0.359","0.351","-1.67%"
"02/19/2021","0.359","0.351","0.359","0.351","2.28%"
"02/18/2021","0.351","0.359","0.359","0.351","-1.13%"
"02/17/2021","0.355","0.359","0.359","0.355","37.07%"
"02/16/2021","0.259","0.259","0.259","0.259","0.00%"
"02/15/2021","0.259","0.259","0.259","0.259","0.00%"
"02/12/2021","0.259","0.259","0.259","0.259","0.00%"
"02/11/2021","0.259","0.259","0.259","0.259","0.00%"
"02/10/2021","0.259","0.259","0.259","0.259","-27.86%"
"02/09/2021","0.359","0.360","0.360","0.359","-0.28%"
"02/08/2021","0.360","0.356","0.360","0.356","1.12%"
"02/05/2021","0.356","0.356","0.356","0.356","-1.39%"
"02/04/2021","0.361","0.357","0.362","0.357","-0.28%"
"02/03/2021","0.362","0.357","0.362","0.357","1.40%"
"02/02/2021","0.357","0.350","0.357","0.350","2.29%"
"02/01/2021","0.349","0.350","0.350","0.349","8.05%"
"01/29/2021","0.323","0.328","0.328","0.323","-1.82%"
"01/28/2021","0.329","0.322","0.329","0.322","2.17%"
"01/27/2021","0.322","0.328","0.328","0.322","-2.13%"
"01/26/2021","0.329","0.334","0.334","0.329","-1.79%"
"01/25/2021","0.335","0.335","0.335","0.335","-4.01%"
"01/22/2021","0.349","0.350","0.350","0.349","-0.29%"
"01/21/2021","0.350","0.350","0.350","0.350","3.86%"
"01/20/2021","0.337","0.338","0.338","0.337","-0.30%"
"01/19/2021","0.338","0.342","0.342","0.338","-0.88%"
"01/18/2021","0.341","0.349","0.349","0.341","-2.57%"
"01/15/2021","0.350","0.373","0.373","0.350","-6.42%"
"01/14/2021","0.374","0.404","0.404","0.374","-7.43%"
"01/13/2021","0.404","0.407","0.407","0.404","-0.74%"
"01/12/2021","0.407","0.395","0.407","0.395","3.04%"
"01/11/2021","0.395","0.368","0.395","0.368","7.34%"
"01/08/2021","0.368","0.368","0.368","0.365","0.82%"
"01/07/2021","0.365","0.351","0.365","0.351","4.29%"
"01/06/2021","0.350","0.341","0.350","0.341","2.94%"
"01/05/2021","0.340","0.304","0.340","0.304","11.84%"
"01/04/2021","0.304","0.304","0.304","0.304","0.00%"
"12/31/2020","0.304","0.294","0.304","0.294","3.05%"
"12/30/2020","0.295","0.296","0.295","0.295","0.00%"
"12/29/2020","0.295","0.296","0.296","0.295","-0.67%"
"12/28/2020","0.297","0.286","0.297","0.286","3.48%"
"12/25/2020","0.287","0.288","0.288","0.287","0.00%"
"12/24/2020","0.287","0.287","0.287","0.287","0.00%"
"12/23/2020","0.287","0.287","0.287","0.287","-0.35%"
"12/22/2020","0.288","0.289","0.289","0.288","0.00%"
"12/21/2020","0.288","0.289","0.289","0.288","-0.35%"
"12/18/2020","0.289","0.289","0.289","0.289","0.00%"
"12/17/2020","0.289","0.289","0.289","0.289","0.00%"
"12/16/2020","0.289","0.289","0.289","0.289","-0.34%"
"12/15/2020","0.290","0.290","0.290","0.290","0.35%"
"12/14/2020","0.289","0.290","0.290","0.289","-0.34%"
"12/11/2020","0.290","0.290","0.290","0.290","-0.34%"
"12/10/2020","0.291","0.291","0.291","0.291","0.00%"
"12/09/2020","0.291","0.291","0.291","0.291","-0.34%"
"12/08/2020","0.292","0.292","0.292","0.292","0.00%"
"12/07/2020","0.292","0.292","0.292","0.292","0.00%"
"12/04/2020","0.292","0.292","0.292","0.292","-0.34%"
"12/03/2020","0.293","0.293","0.293","0.293","0.00%"
"12/02/2020","0.293","0.293","0.293","0.293","0.00%"
"12/01/2020","0.293","0.293","0.293","0.293","-0.34%"
"11/30/2020","0.294","0.294","0.294","0.294","0.00%"
"11/27/2020","0.294","0.294","0.294","0.294","0.00%"
"11/26/2020","0.294","0.294","0.294","0.294","-0.34%"
"11/25/2020","0.295","0.295","0.295","0.295","0.00%"
"11/24/2020","0.295","0.295","0.295","0.295","-0.34%"
"11/23/2020","0.296","0.296","0.296","0.296","0.00%"
"11/20/2020","0.296","0.296","0.296","0.296","0.00%"
"11/19/2020","0.296","0.297","0.297","0.296","-0.34%"
"11/18/2020","0.297","0.308","0.303","0.297","-1.98%"
"11/17/2020","0.303","0.308","0.308","0.303","-1.62%"
"11/16/2020","0.308","0.309","0.309","0.308","-0.32%"
"11/13/2020","0.309","0.309","0.309","0.309","0.00%"
"11/12/2020","0.309","0.310","0.310","0.309","-0.32%"
"11/11/2020","0.310","0.310","0.310","0.310","0.00%"
"11/10/2020","0.310","0.310","0.310","0.310","-0.32%"
"11/09/2020","0.311","0.311","0.312","0.311","-0.32%"
"11/06/2020","0.312","0.312","0.317","0.312","-1.27%"
"11/05/2020","0.316","0.313","0.316","0.313","0.96%"
"11/04/2020","0.313","0.317","0.317","0.313","-1.26%"
"11/03/2020","0.317","0.314","0.317","0.314","0.96%"
"11/02/2020","0.314","0.315","0.315","0.314","-0.32%"
"10/30/2020","0.315","0.315","0.315","0.315","0.32%"
"10/29/2020","0.314","0.306","0.314","0.306","2.61%"
"10/28/2020","0.306","0.316","0.316","0.306","-3.16%"
"10/27/2020","0.316","0.320","0.320","0.316","-0.94%"
"10/26/2020","0.319","0.318","0.319","0.318","0.31%"
"10/23/2020","0.318","0.318","0.318","0.318","0.00%"
"10/22/2020","0.318","0.322","0.322","0.318","-1.24%"
"10/21/2020","0.322","0.322","0.322","0.321","0.00%"
"10/20/2020","0.322","0.322","0.322","0.322","-0.31%"
"10/19/2020","0.323","0.317","0.323","0.317","1.57%"
"10/16/2020","0.318","0.318","0.318","0.318","0.00%"
"10/15/2020","0.318","0.328","0.328","0.318","-3.05%"
"10/14/2020","0.328","0.328","0.328","0.328","0.00%"
"10/13/2020","0.328","0.329","0.329","0.328","-0.30%"
"10/12/2020","0.329","0.329","0.329","0.329","0.00%"
"10/09/2020","0.329","0.332","0.332","0.329","-1.20%"
"10/08/2020","0.333","0.333","0.333","0.332","0.30%"
"10/07/2020","0.332","0.340","0.340","0.332","-2.35%"
"10/06/2020","0.340","0.332","0.340","0.332","2.41%"
"10/05/2020","0.332","0.322","0.332","0.322","2.79%"
"10/02/2020","0.323","0.361","0.361","0.323","-10.77%"
"10/01/2020","0.362","0.369","0.369","0.362","35.58%"
"09/30/2020","0.267","0.271","0.271","0.267","-1.11%"
"09/29/2020","0.270","0.285","0.285","0.270","-5.26%"
"09/28/2020","0.285","0.391","0.391","0.285","-27.11%"
"09/25/2020","0.391","0.387","0.391","0.387","1.03%"
"09/24/2020","0.387","0.391","0.399","0.387","-1.02%"
"09/23/2020","0.391","0.400","0.400","0.391","-2.01%"
"09/22/2020","0.399","0.410","0.410","0.399","-2.68%"
"09/21/2020","0.410","0.405","0.410","0.405","1.23%"
"09/18/2020","0.405","0.413","0.413","0.405","-1.94%"
"09/17/2020","0.413","0.422","0.422","0.413","-2.36%"
"09/16/2020","0.423","0.423","0.423","0.423","0.48%"
"09/15/2020","0.421","0.412","0.421","0.412","1.94%"
"09/14/2020","0.413","0.422","0.422","0.413","-2.13%"
"09/11/2020","0.422","0.422","0.422","0.422","0.00%"
"09/10/2020","0.422","0.413","0.422","0.413","2.18%"
"09/09/2020","0.413","0.413","0.413","0.413","0.00%"
"09/08/2020","0.413","0.413","0.413","0.413","-0.24%"
"09/07/2020","0.414","0.423","0.423","0.414","-1.66%"
"09/04/2020","0.421","0.416","0.421","0.416","0.96%"
"09/03/2020","0.417","0.417","0.417","0.417","31.96%"
"09/02/2020","0.316","0.316","0.316","0.316","-24.04%"
"09/01/2020","0.416","0.413","0.416","0.413","0.73%"
"08/31/2020","0.413","0.401","0.413","0.401","2.99%"
"08/28/2020","0.401","0.426","0.426","0.401","-5.65%"
"08/27/2020","0.425","0.408","0.425","0.408","4.42%"
"08/26/2020","0.407","0.407","0.407","0.407","-0.25%"
"08/25/2020","0.408","0.408","0.408","0.408","0.00%"
"08/24/2020","0.408","0.407","0.408","0.407","0.25%"
"08/21/2020","0.407","0.417","0.417","0.407","-2.40%"
"08/20/2020","0.417","0.407","0.417","0.407","2.46%"
"08/19/2020","0.407","0.406","0.407","0.406","0.25%"
"08/18/2020","0.406","0.402","0.406","0.402","1.00%"
"08/17/2020","0.402","0.402","0.402","0.402","0.00%"
"08/14/2020","0.402","0.375","0.402","0.375","7.20%"
"08/13/2020","0.375","0.444","0.444","0.375","-15.54%"
"08/12/2020","0.444","0.503","0.503","0.444","-11.73%"
"08/11/2020","0.503","0.498","0.503","0.498","1.00%"
"08/10/2020","0.498","0.504","0.508","0.498","-1.19%"
"08/07/2020","0.504","0.498","0.504","0.494","1.20%"
"08/06/2020","0.498","0.498","0.498","0.498","0.00%"
"08/05/2020","0.498","0.507","0.510","0.498","-1.78%"
"08/04/2020","0.507","0.489","0.507","0.489","3.68%"
"08/03/2020","0.489","0.513","0.513","0.489","-4.68%"
"07/31/2020","0.513","0.513","0.513","0.513","0.00%"
"07/30/2020","0.513","0.510","0.513","0.510","0.59%"
"07/29/2020","0.510","0.510","0.510","0.510","0.00%"
"07/28/2020","0.510","0.501","0.510","0.501","1.80%"
"07/27/2020","0.501","0.501","0.501","0.501","0.00%"
"07/24/2020","0.501","0.505","0.505","0.501","-0.79%"
"07/23/2020","0.505","0.501","0.505","0.501","0.80%"
"07/22/2020","0.501","0.505","0.505","0.501","-0.79%"
"07/21/2020","0.505","0.505","0.505","0.505","0.00%"
"07/20/2020","0.505","0.510","0.510","0.505","-0.98%"
"07/17/2020","0.510","0.505","0.510","0.505","0.99%"
"07/16/2020","0.505","0.528","0.528","0.505","-4.36%"
"07/15/2020","0.528","0.547","0.547","0.528","-3.47%"
"07/14/2020","0.547","0.580","0.580","0.537","-5.69%"
"07/13/2020","0.580","0.580","0.580","0.580","-0.17%"
"07/10/2020","0.581","0.563","0.581","0.563","3.20%"
"07/09/2020","0.563","0.570","0.570","0.563","-1.23%"
"07/08/2020","0.570","0.570","0.570","0.570","0.00%"
"07/07/2020","0.570","0.570","0.570","0.570","0.00%"
"07/06/2020","0.570","0.597","0.597","0.570","-4.52%"
"07/03/2020","0.597","0.597","0.597","0.597","0.17%"
"07/02/2020","0.596","0.596","0.596","0.596","-0.17%"
"07/01/2020","0.597","0.597","0.597","0.597","0.00%"
"06/30/2020","0.597","0.597","0.597","0.597","0.00%"
"06/29/2020","0.597","0.563","0.597","0.563","6.04%"
"06/26/2020","0.563","0.563","0.563","0.563","0.00%"
"06/25/2020","0.563","0.547","0.563","0.547","2.74%"
"06/24/2020","0.548","0.623","0.623","0.548","-12.04%"
"06/23/2020","0.623","0.623","0.623","0.623","0.00%"
"06/22/2020","0.623","0.623","0.623","0.623","0.00%"
"06/19/2020","0.623","0.657","0.657","0.623","-5.18%"
"06/18/2020","0.657","0.707","0.707","0.657","-7.07%"
"06/17/2020","0.707","0.731","0.731","0.707","-3.28%"
"06/16/2020","0.731","0.756","0.756","0.731","-3.18%"
"06/15/2020","0.755","0.773","0.773","0.755","-2.33%"
"06/12/2020","0.773","0.791","0.791","0.773","-2.28%"
"06/11/2020","0.791","0.856","0.856","0.791","-7.59%"
"06/10/2020","0.856","0.818","0.856","0.818","4.65%"
"06/09/2020","0.818","0.925","0.925","0.818","-11.57%"
"06/08/2020","0.925","0.938","0.938","0.925","-1.49%"
"06/05/2020","0.939","0.939","0.939","0.939","-0.42%"
"06/04/2020","0.943","0.944","0.944","0.943","-0.11%"
"06/03/2020","0.944","0.989","0.989","0.944","-4.65%"
"06/02/2020","0.990","0.934","0.990","0.934","5.88%"
"06/01/2020","0.935","0.944","0.944","0.935","-1.06%"
"05/29/2020","0.945","0.970","0.970","0.945","-3.08%"
"05/28/2020","0.975","1.008","1.008","0.975","-3.37%"
"05/27/2020","1.009","1.001","1.009","1.001","0.70%"
"05/26/2020","1.002","1.062","1.062","1.002","-5.74%"
"05/25/2020","1.063","0.998","1.063","0.998","6.41%"
"05/22/2020","0.999","0.945","0.999","0.945","5.27%"
"05/21/2020","0.949","1.262","1.262","0.949","-24.80%"
"05/20/2020","1.262","1.335","1.335","1.262","-5.54%"
"05/19/2020","1.336","1.568","1.568","1.336","-14.74%"
"05/18/2020","1.567","1.585","1.585","1.567","-1.32%"
"05/15/2020","1.588","1.588","1.588","1.588","-0.38%"
"05/14/2020","1.594","1.594","1.594","1.594","0.38%"
"05/13/2020","1.588","1.588","1.588","1.588","0.00%"
"05/12/2020","1.588","1.647","1.647","1.588","-3.64%"
"05/11/2020","1.648","1.705","1.705","1.648","-3.34%"
"05/08/2020","1.705","1.747","1.747","1.705","-2.40%"
"05/07/2020","1.747","1.747","1.747","1.747","-0.06%"
"05/06/2020","1.748","1.819","1.819","1.748","-3.90%"
"05/05/2020","1.819","1.895","1.895","1.819","-4.06%"
"05/04/2020","1.896","1.872","1.896","1.872","6.94%"
"04/30/2020","1.773","1.773","1.773","1.773","-5.34%"
"04/29/2020","1.873","1.860","1.873","1.860","0.64%"
"04/28/2020","1.861","1.875","1.875","1.861","-0.75%"
"04/27/2020","1.875","1.875","1.875","1.875","-4.63%"
"04/24/2020","1.966","2.026","2.026","1.966","-2.96%"
"04/23/2020","2.026","2.102","2.102","2.026","-3.80%"
"04/22/2020","2.106","2.106","2.106","2.106","0.00%"
"04/21/2020","2.106","2.067","2.106","2.067","1.89%"
"04/20/2020","2.067","2.078","2.078","2.067","-0.58%"
"04/17/2020","2.079","2.119","2.119","2.079","-1.89%"
"04/16/2020","2.119","2.247","2.247","2.119","-5.74%"
"04/15/2020","2.248","2.175","2.248","2.175","3.36%"
"04/14/2020","2.175","2.226","2.226","2.175","-2.33%"
"04/13/2020","2.227","2.267","2.267","2.227","-1.76%"
"04/10/2020","2.267","2.191","2.267","2.191","3.37%"
"04/09/2020","2.193","2.149","2.193","2.149","2.00%"
"04/08/2020","2.150","2.326","2.326","2.150","-7.61%"
"04/07/2020","2.327","2.596","2.596","2.327","-10.33%"
"04/06/2020","2.595","2.687","2.687","2.595","-3.42%"
"04/03/2020","2.687","2.722","2.722","2.687","2.44%"
"04/02/2020","2.623","2.623","2.623","2.623","-3.67%"
"04/01/2020","2.723","2.632","2.723","2.632","3.46%"
"03/31/2020","2.632","2.524","2.632","2.524","4.28%"
"03/30/2020","2.524","2.234","2.524","2.234","12.98%"
"03/27/2020","2.234","2.053","2.234","2.053","8.82%"
"03/26/2020","2.053","1.840","2.053","1.840","11.52%"
"03/25/2020","1.841","1.941","1.941","1.841","-5.15%"
"03/24/2020","1.941","2.033","2.033","1.941","-4.57%"
"03/23/2020","2.034","1.845","2.034","1.845","10.24%"
"03/20/2020","1.845","1.829","1.845","1.829","0.82%"
"03/19/2020","1.830","1.689","1.830","1.689","8.35%"
"03/18/2020","1.689","1.652","1.689","1.652","2.49%"
"03/17/2020","1.648","1.648","1.648","1.648","0.00%"
"03/16/2020","1.648","1.630","1.648","1.630","1.17%"
"03/13/2020","1.629","1.610","1.629","1.610","1.12%"
"03/12/2020","1.611","1.625","1.625","1.611","-0.86%"
"03/11/2020","1.625","1.651","1.664","1.625","-1.57%"
"03/10/2020","1.651","1.504","1.651","1.504","9.99%"
"03/09/2020","1.501","1.501","1.501","1.501","0.00%"
"03/06/2020","1.501","1.531","1.531","1.501","-1.96%"
"03/05/2020","1.531","1.597","1.597","1.531","-4.13%"
"03/04/2020","1.597","1.803","1.803","1.597","-11.43%"
"03/03/2020","1.803","1.849","1.849","1.803","-2.49%"
"03/02/2020","1.849","1.849","1.849","1.849","2.10%"
"02/28/2020","1.811","1.882","1.882","1.811","-3.77%"
"02/27/2020","1.882","1.848","1.882","1.848","1.89%"
"02/26/2020","1.847","1.819","1.847","1.819","1.43%"
"02/25/2020","1.821","1.966","1.966","1.821","-7.42%"
"02/24/2020","1.967","1.848","1.967","1.848","6.44%"
"02/21/2020","1.848","1.758","1.848","1.758","5.12%"
"02/20/2020","1.758","1.725","1.758","1.725","1.91%"
"02/19/2020","1.725","1.725","1.725","1.725","-0.75%"
"02/18/2020","1.738","1.738","1.738","1.738","0.00%"
"02/17/2020","1.738","1.778","1.778","1.728","-2.25%"
"02/14/2020","1.778","1.720","1.778","1.720","3.37%"
"02/13/2020","1.720","1.812","1.812","1.720","-5.18%"
"02/12/2020","1.814","1.875","1.875","1.814","-3.25%"
"02/11/2020","1.875","1.887","1.887","1.865","-0.64%"
"02/10/2020","1.887","1.672","1.887","1.672","12.79%"
"02/07/2020","1.673","1.649","1.673","1.649","1.46%"
"02/06/2020","1.649","1.637","1.649","1.637","0.67%"
"02/05/2020","1.638","1.726","1.726","1.638","-4.99%"
"02/04/2020","1.724","1.745","1.745","1.724","-1.20%"
"02/03/2020","1.745","1.515","1.745","1.515","15.18%"
"01/31/2020","1.515","1.360","1.535","1.360","11.40%"
"01/30/2020","1.360","1.235","1.360","1.235","19.30%"
"01/29/2020","1.140","1.140","1.140","1.140","0.00%"
"01/28/2020","1.140","1.140","1.140","1.140","0.00%"
"01/27/2020","1.140","1.140","1.140","1.140","0.00%"
"01/24/2020","1.140","1.140","1.140","1.140","0.00%"
"01/23/2020","1.140","1.140","1.140","1.140","-7.69%"
"01/22/2020","1.235","1.210","1.246","1.210","1.98%"
"01/21/2020","1.211","1.141","1.211","1.141","6.23%"
"01/20/2020","1.140","1.140","1.140","1.140","0.00%"
"01/17/2020","1.140","1.100","1.140","1.100","3.64%"
"01/16/2020","1.100","1.100","1.100","1.100","-0.18%"
"01/15/2020","1.102","1.247","1.247","1.102","-11.63%"
"01/14/2020","1.247","1.278","1.278","1.227","-2.43%"
"01/13/2020","1.278","1.300","1.300","1.278","-1.92%"
"01/10/2020","1.303","1.303","1.303","1.303","0.00%"
"01/09/2020","1.303","1.250","1.303","1.250","4.24%"
"01/08/2020","1.250","1.458","1.458","1.250","-14.27%"
"01/07/2020","1.458","1.470","1.470","1.458","-0.82%"
"01/06/2020","1.470","1.495","1.495","1.470","-1.67%"
"01/03/2020","1.495","1.545","1.545","1.495","-3.24%"
"01/02/2020","1.545","1.482","1.545","1.482","11.23%"
"01/01/2020","1.389","1.389","1.389","1.389","-6.34%"