,time,open,high,low,close,volume
0,2017-08-24,743.23,749.82,742.34,747.72,33630890
1,2017-08-25,746.87,751.14,746.87,751.14,32784240
2,2017-08-28,751.59,758.02,749.2,758.02,42763860
3,2017-08-29,757.84,758.76,754.59,754.59,44549640
4,2017-08-30,756.49,764.57,755.32,764.57,34232490
5,2017-08-31,765.47,772.91,764.22,770.08,52330590
6,2017-09-01,770.97,774.76,770.39,774.06,35505600
7,2017-09-05,775.28,778.71,771.68,777.02,36892990
8,2017-09-06,776.87,777.99,772.63,776.97,36720990
9,2017-09-07,777.16,780.54,776.0,779.2,41321790
10,2017-09-08,780.62,786.85,780.18,784.74,36355220
11,2017-09-11,785.06,789.53,779.58,779.58,37682800
12,2017-09-12,777.55,783.58,775.81,782.54,40952630
13,2017-09-13,785.46,786.96,783.56,786.43,37972820
14,2017-09-14,786.82,793.16,786.82,789.41,40608490
15,2017-09-15,786.22,789.88,784.49,789.49,47588250
16,2017-09-18,792.16,795.32,789.83,793.7,44590000
17,2017-09-19,794.15,797.54,792.68,792.68,42234580
18,2017-09-20,793.93,793.98,789.43,790.48,33853130
19,2017-09-21,790.46,791.0,786.0,786.41,38420390
20,2017-09-22,786.51,791.65,785.99,789.7,37752620
21,2017-09-25,789.81,791.16,785.69,789.89,35485110
22,2017-09-26,791.03,791.05,785.24,791.05,45389610
23,2017-09-27,788.02,791.43,787.61,788.31,34118620
24,2017-09-28,788.15,795.95,788.15,790.75,44993620
25,2017-09-29,791.4,797.26,791.4,792.72,36410220
26,2017-10-02,793.64,796.03,790.37,790.7,28268530
27,2017-10-03,791.71,793.19,785.1,787.02,35763950
28,2017-10-04,786.17,795.76,786.12,795.76,30909740
29,2017-10-05,797.41,801.36,796.71,797.42,48801950
30,2017-10-06,797.82,800.73,796.23,800.42,35233530
31,2017-10-09,802.89,803.23,798.96,801.49,36338320
32,2017-10-10,800.23,805.3,798.63,805.3,38304820
33,2017-10-11,804.84,810.12,804.48,806.83,51017440
34,2017-10-12,807.63,813.21,806.65,809.6,43690510
35,2017-10-13,807.9,815.47,807.45,815.47,36085610
36,2017-10-16,815.27,817.72,811.39,811.85,43241140
37,2017-10-17,811.73,818.48,811.24,818.48,47568950
38,2017-10-18,819.36,821.29,815.06,816.84,54134480
39,2017-10-19,817.62,821.08,815.29,817.39,46206790
40,2017-10-20,816.99,821.54,813.38,813.99,47718220
41,2017-10-23,811.49,813.23,806.58,809.36,43372170
42,2017-10-24,807.6,815.24,804.43,815.24,33007760
43,2017-10-25,816.05,821.61,812.98,821.45,33404710
44,2017-10-26,820.01,825.9,815.16,822.53,38746780
45,2017-10-27,823.16,834.91,820.16,834.91,37048300
46,2017-10-30,835.33,841.32,835.33,837.52,51097930
47,2017-10-31,836.65,839.79,829.72,831.62,38090110
48,2017-11-01,832.1,835.44,831.63,835.38,47545760
49,2017-11-02,835.36,843.34,826.71,827.66,48545310
50,2017-11-03,828.44,840.04,826.59,840.04,41463180
51,2017-11-06,842.91,845.67,839.88,844.73,50114170
52,2017-11-07,846.17,850.69,842.67,846.03,48624420
53,2017-11-08,849.56,856.47,848.23,853.57,60191020
54,2017-11-09,857.26,858.93,852.06,853.05,48698660
55,2017-11-10,850.25,861.36,850.1,858.55,59483530
56,2017-11-13,861.0,868.58,861.0,868.11,56424440
57,2017-11-14,868.59,873.74,861.96,871.08,55709260
58,2017-11-15,870.85,880.72,868.75,877.58,53387930
59,2017-11-16,875.2,890.01,875.2,890.01,57892150
60,2017-11-17,890.49,897.39,882.81,887.41,53201860
61,2017-11-20,886.49,899.31,883.7,899.31,46446580
62,2017-11-21,902.76,923.57,902.76,910.54,73809320
63,2017-11-22,912.46,922.18,909.95,922.18,71917540
64,2017-11-23,926.83,933.45,916.61,922.92,68969900
65,2017-11-24,920.32,928.41,914.95,926.21,57989760
66,2017-11-27,923.8,939.36,923.0,930.9,61672700
67,2017-11-28,931.21,935.97,926.12,935.74,54896360
68,2017-11-29,938.18,946.55,934.64,946.55,67067020
69,2017-11-30,951.06,955.17,943.05,943.05,70833940
70,2017-12-01,943.08,953.22,943.08,952.46,49064220
71,2017-12-04,954.31,968.53,954.31,966.44,76804810
72,2017-12-05,968.58,970.35,944.07,944.07,80813330
73,2017-12-06,940.82,941.32,919.99,939.06,75799400
74,2017-12-07,942.07,945.52,923.23,928.74,50048760
75,2017-12-08,928.32,935.51,920.97,930.25,43797010
76,2017-12-11,928.39,928.39,908.29,908.29,49025420
77,2017-12-12,919.04,922.24,883.52,914.82,73926010
78,2017-12-13,919.58,920.38,911.01,913.33,39786810
79,2017-12-14,913.3,928.21,913.3,928.21,34120530
80,2017-12-15,925.65,933.09,925.2,926.7,61767940
81,2017-12-18,937.81,950.81,937.64,950.81,52511530
82,2017-12-19,955.99,959.33,947.24,947.62,55559460
83,2017-12-20,947.51,954.96,942.07,948.78,52767110
84,2017-12-21,944.9,953.26,936.53,936.53,50096640
85,2017-12-22,939.48,946.01,937.75,945.88,49827300
86,2017-12-25,947.06,950.64,944.77,949.28,34740270
87,2017-12-26,951.27,955.81,948.68,955.73,43576440
88,2017-12-27,957.76,962.33,955.14,958.02,65128550
89,2017-12-28,960.38,968.4,957.19,966.91,54597790
90,2017-12-29,968.28,980.47,967.2,975.52,65828140
91,2018-01-02,977.2,992.72,975.49,992.72,74433420
92,2018-01-03,996.23,1011.84,995.74,1004.66,86286030
93,2018-01-04,1007.6,1014.17,1006.96,1014.15,91542860
94,2018-01-05,1014.42,1014.42,1005.1,1007.73,86905060
95,2018-01-08,1006.25,1023.5,1000.29,1023.5,107211920
96,2018-01-09,1028.05,1040.58,1019.52,1039.64,121152560
97,2018-01-10,1040.61,1047.59,1033.54,1039.7,143073010
98,2018-01-11,1036.02,1050.23,1031.43,1047.2,92977260
99,2018-01-12,1050.08,1058.2,1044.85,1049.86,125705770
100,2018-01-15,1050.35,1063.11,1042.64,1063.11,105735110
101,2018-01-16,1056.95,1063.46,1047.9,1061.78,117057510
102,2018-01-17,1060.36,1061.49,1030.0,1030.0,109084310
103,2018-01-18,1028.39,1048.56,1013.11,1048.56,105765710
104,2018-01-19,1050.01,1062.13,1046.92,1053.47,113277900
105,2018-01-22,1059.2,1084.09,1059.19,1082.71,91783390
106,2018-01-25,1093.49,1109.98,1088.69,1095.52,174651080
107,2018-01-26,1096.09,1112.59,1088.0,1104.42,94375760
108,2018-01-29,1108.98,1118.08,1095.75,1096.78,108388270
109,2018-01-30,1087.57,1099.16,1078.98,1099.16,105160720
110,2018-01-31,1097.38,1113.37,1094.77,1095.9,104403310
111,2018-02-01,1098.3,1098.3,1076.09,1086.9,84194680
112,2018-02-02,1087.24,1090.4,1075.65,1090.4,66558440
113,2018-02-05,1081.7,1081.7,1035.02,1035.02,92445200
114,2018-02-06,1013.7,1015.56,969.01,1007.72,144851080
115,2018-02-07,1034.76,1040.23,1025.3,1030.91,64845810
116,2018-02-08,1024.13,1031.98,1013.56,1013.56,45313480
117,2018-02-09,983.6,996.77,966.78,996.77,64741560
118,2018-02-12,1001.7,1034.76,1001.7,1034.76,56577710
119,2018-02-13,1043.44,1055.86,1043.44,1054.09,52962090
120,2018-02-21,1064.55,1081.82,1063.73,1075.47,74172940
121,2018-02-22,1068.84,1078.48,1063.46,1064.28,85113240
122,2018-02-23,1073.56,1089.96,1068.75,1089.96,85270820
123,2018-02-26,1101.66,1113.01,1099.71,1099.71,97630000
124,2018-02-27,1108.87,1110.11,1094.17,1106.09,76580980
125,2018-02-28,1096.3,1113.59,1095.98,1108.23,102125870
126,2018-03-01,1106.03,1116.79,1098.51,1105.84,94020940
127,2018-03-02,1095.31,1109.51,1092.18,1106.92,73543190
128,2018-03-05,1113.71,1116.8,1080.83,1080.83,105069780
129,2018-03-06,1091.98,1103.31,1075.78,1103.31,74498780
130,2018-03-07,1102.85,1106.89,1084.53,1092.17,71108980
131,2018-03-08,1092.29,1109.29,1091.7,1105.03,48218080
132,2018-03-09,1107.83,1117.9,1102.07,1106.54,65730040
133,2018-03-12,1108.7,1116.38,1104.85,1106.97,73669840
134,2018-03-13,1106.88,1112.98,1098.58,1111.38,77315100
135,2018-03-14,1111.58,1121.74,1111.58,1115.0,84857310
136,2018-03-15,1114.89,1114.9,1105.26,1110.26,72267400
137,2018-03-16,1112.28,1118.36,1109.85,1112.93,108041750
138,2018-03-19,1117.13,1134.75,1117.13,1130.26,72805230
139,2018-03-20,1130.09,1139.23,1126.0,1134.19,69643210
140,2018-03-21,1134.79,1148.64,1134.79,1147.26,77056320
141,2018-03-22,1147.9,1159.37,1144.44,1144.58,71823070
142,2018-03-23,1144.18,1144.18,1113.7,1128.93,95733110
143,2018-03-26,1129.05,1151.32,1123.9,1146.73,69781490
144,2018-03-27,1146.86,1162.35,1146.86,1150.3,60425680
145,2018-03-28,1150.33,1158.75,1144.71,1151.09,41767000
146,2018-03-29,1151.65,1155.65,1141.65,1144.74,39960850
147,2018-03-30,1144.9,1154.59,1136.2,1153.08,49196940
148,2018-04-02,1153.11,1174.13,1153.11,1171.21,64577290
149,2018-04-03,1171.89,1173.18,1156.91,1160.97,73015130
150,2018-04-04,1161.24,1176.22,1161.24,1165.75,59705780
151,2018-04-05,1164.87,1175.64,1163.76,1169.12,49974420
152,2018-04-06,1170.42,1180.6,1170.11,1174.37,74390840
153,2018-04-09,1174.02,1181.58,1169.56,1177.68,79977840
154,2018-04-10,1177.85,1185.06,1161.71,1168.06,77682020
155,2018-04-11,1168.41,1172.44,1137.2,1137.2,87627260
156,2018-04-12,1136.76,1143.5,1121.47,1143.5,63713270
157,2018-04-13,1146.67,1153.95,1131.61,1134.21,64877280
158,2018-04-16,1133.0,1136.8,1122.26,1128.03,49041710
159,2018-04-17,1128.11,1136.17,1119.7,1130.32,47627900
160,2018-04-18,1131.56,1136.98,1115.18,1115.7,45880100
161,2018-04-19,1114.98,1115.0,1066.09,1066.09,75220680
162,2018-04-20,1066.33,1089.62,1047.71,1089.45,56317850
163,2018-04-23,1091.18,1098.58,1055.37,1055.37,67286800
164,2018-04-24,1055.24,1060.92,1027.74,1053.99,67319960
165,2018-04-26,1055.95,1057.2,1011.51,1018.97,78320450
166,2018-04-27,1018.06,1029.36,1007.39,1027.97,60636760
167,2018-05-02,1029.76,1033.2,1009.98,1012.84,57649930
168,2018-05-03,1011.83,1012.12,989.0,1010.35,74959430
169,2018-05-04,1012.44,1023.16,1006.99,1010.89,46195320
170,2018-05-07,1010.99,1048.03,1010.99,1048.03,52321070
171,2018-05-08,1048.53,1059.68,1042.59,1047.83,53713130
172,2018-05-09,1047.43,1058.09,1037.1,1046.39,41448830
173,2018-05-10,1046.9,1047.5,1009.79,1019.69,59664030
174,2018-05-11,1019.33,1031.77,1003.47,1030.79,55925890
175,2018-05-14,1031.18,1051.45,1029.92,1051.45,43654810
176,2018-05-15,1055.82,1067.61,1052.16,1055.49,47144640
177,2018-05-16,1055.31,1055.31,1031.33,1034.3,39849340
178,2018-05-17,1034.2,1035.45,1007.09,1007.09,42807500
179,2018-05-18,1007.05,1023.23,989.2,1022.21,46157080
180,2018-05-21,1023.28,1027.85,997.21,997.21,40480580
181,2018-05-22,996.19,996.19,947.7,958.95,64672780
182,2018-05-23,957.72,973.07,945.01,968.54,52816560
183,2018-05-24,968.93,974.17,951.17,960.55,43995840
184,2018-05-25,958.74,960.57,936.32,936.32,49219100
185,2018-05-28,932.0,932.0,894.31,898.0,73635380
186,2018-05-29,897.13,932.82,881.91,924.9,64474410
187,2018-05-30,924.47,925.18,902.0,918.64,53178740
188,2018-05-31,917.94,950.49,914.57,947.31,67378240
189,2018-06-01,949.13,970.81,948.69,969.15,68484770
190,2018-06-04,970.81,997.0,970.81,996.67,59532250
191,2018-06-05,996.55,1008.83,996.15,1007.32,65884640
192,2018-06-06,1007.51,1023.38,995.29,1022.72,60797020
193,2018-06-07,1023.95,1034.72,1020.77,1026.75,60335720
194,2018-06-08,1026.76,1028.42,1017.9,1025.87,46069920
195,2018-06-11,1025.71,1034.85,1016.22,1024.85,49970780
196,2018-06-12,1021.02,1021.02,989.53,1008.76,79033540
197,2018-06-13,1008.32,1019.32,1005.58,1018.59,34757120
198,2018-06-14,1018.07,1022.95,1004.31,1004.31,43470320
199,2018-06-15,1004.14,1005.71,994.38,1005.04,55843590
200,2018-06-18,1004.97,1006.58,970.35,970.35,51490330
201,2018-06-19,970.06,970.06,919.09,945.11,87420100
202,2018-06-20,945.3,966.86,936.83,966.86,39846540
203,2018-06-21,966.91,966.91,950.06,955.75,30312030
204,2018-06-22,954.7,974.42,945.59,973.05,39415100
205,2018-06-25,973.45,989.18,973.45,982.09,34365490
206,2018-06-26,981.97,981.97,959.29,973.9,24306300
207,2018-06-27,973.89,976.93,961.29,961.29,31801350
208,2018-06-28,962.93,967.28,943.12,947.03,47414270
209,2018-06-29,945.26,951.74,939.7,947.55,35643460
210,2018-07-02,945.94,945.94,917.8,930.12,54615820
211,2018-07-03,931.12,931.12,891.97,891.97,67908770
212,2018-07-04,892.01,901.64,880.37,900.89,44415900
213,2018-07-05,901.25,905.51,875.17,883.77,44755220
214,2018-07-06,880.17,910.14,870.34,905.62,58312610
215,2018-07-09,905.97,916.84,896.79,898.73,40288420
216,2018-07-10,898.09,906.25,897.96,897.96,33122720
217,2018-07-11,894.16,894.16,871.22,881.14,53412900
218,2018-07-12,877.68,893.15,870.53,883.87,33199790
219,2018-07-13,886.17,902.14,886.17,899.45,38297470
220,2018-07-16,901.68,910.82,897.03,904.18,36480810
221,2018-07-17,903.87,915.53,892.39,915.53,44273370
222,2018-07-18,915.69,935.42,915.23,935.42,54820940
223,2018-07-19,935.54,946.39,934.2,941.09,47892560
224,2018-07-20,939.27,941.41,926.5,926.5,56213210
225,2018-07-23,927.01,945.13,926.56,931.31,64550220
226,2018-07-24,931.2,932.83,916.19,923.53,52018870
227,2018-07-25,923.55,931.55,915.68,915.68,46045930
228,2018-07-26,915.7,921.33,907.6,921.33,45645350
229,2018-07-27,923.02,930.57,918.37,927.19,42561810
230,2018-07-30,927.36,940.25,927.36,939.6,49711210
231,2018-07-31,938.73,948.38,934.39,944.38,60275210
232,2018-08-01,944.31,947.08,935.63,939.31,46101770
233,2018-08-02,939.85,939.85,924.38,937.86,51675220
234,2018-08-03,938.51,949.93,938.51,941.12,43962570
235,2018-08-06,941.13,943.98,935.75,939.84,40724720
236,2018-08-07,939.81,941.63,933.77,936.92,41887000
237,2018-08-08,937.69,946.07,937.58,945.89,42894910
238,2018-08-09,945.78,954.38,942.83,943.91,60492130
239,2018-08-10,942.85,948.69,936.44,948.32,42915110
240,2018-08-13,946.75,960.02,941.95,960.02,82537140
241,2018-08-14,960.29,968.62,959.23,965.6,57362220
242,2018-08-15,965.61,969.8,947.78,947.82,62334260
243,2018-08-16,946.91,950.18,932.27,950.18,63716490
244,2018-08-17,951.68,959.39,949.23,949.23,45071520
245,2018-08-20,949.3,952.16,942.33,945.65,55600490
246,2018-08-21,946.55,955.27,944.88,955.27,47813300
247,2018-08-22,956.0,963.17,956.0,959.63,50597700
248,2018-08-23,960.09,963.91,957.98,960.94,42645800
249,2018-08-24,960.22,963.09,955.16,960.42,56892380
250,2018-08-27,960.43,969.97,960.43,966.55,64177160
251,2018-08-28,966.34,972.4,966.34,971.01,60469630
252,2018-08-29,971.12,972.32,964.0,964.99,44587960
253,2018-08-30,965.56,975.43,960.86,975.43,54009950
254,2018-08-31,975.48,979.11,969.23,969.23,59641300
255,2018-09-04,969.15,971.3,951.14,951.14,51817530
256,2018-09-05,951.09,953.37,938.53,941.0,53502870
257,2018-09-06,941.21,944.73,931.99,932.12,45113490
258,2018-09-07,932.1,945.59,931.19,945.59,46814260
259,2018-09-10,945.04,948.31,942.68,943.31,50012320
260,2018-09-11,943.67,959.09,940.78,958.91,47924060
261,2018-09-12,959.2,967.78,958.67,958.67,55984740
262,2018-09-13,958.63,963.72,955.64,957.17,48964120
263,2018-09-14,958.01,965.23,958.01,960.33,57050340
264,2018-09-17,958.78,960.94,951.38,953.79,43725890
265,2018-09-18,953.45,959.75,945.93,959.75,58886410
266,2018-09-19,960.01,969.34,960.01,962.7,66978840
267,2018-09-20,962.82,971.48,962.26,971.18,56330910
268,2018-09-21,971.12,978.77,968.73,974.43,117096540
269,2018-09-24,974.47,986.3,974.47,985.59,55248400
270,2018-09-25,985.57,988.23,980.44,985.11,53103760
271,2018-09-26,985.26,989.54,980.8,984.39,60311360
272,2018-09-27,985.28,992.1,984.15,989.45,51372600
273,2018-09-28,989.98,996.6,989.98,994.73,89440260
274,2018-10-01,994.76,1001.14,990.0,990.41,81255010
275,2018-10-02,990.26,992.77,984.54,987.88,66203650
276,2018-10-03,987.46,992.87,986.16,990.6,57100270
277,2018-10-04,990.49,993.78,989.06,993.61,74038630
278,2018-10-05,993.42,993.42,980.75,980.75,74563800
279,2018-10-08,979.27,979.27,968.61,970.28,71307590
280,2018-10-09,970.21,974.29,966.68,967.37,63817220
281,2018-10-10,967.58,970.51,961.7,966.27,63521280
282,2018-10-11,959.12,959.12,911.69,920.02,136876030
283,2018-10-12,918.83,943.73,908.74,943.49,78654890
284,2018-10-15,943.51,943.62,927.6,928.55,41833000
285,2018-10-16,928.46,939.41,926.96,939.41,42663640
286,2018-10-17,940.29,949.41,940.29,945.91,51482610
287,2018-10-18,945.92,945.92,936.22,937.54,45079700
288,2018-10-19,937.47,937.47,920.28,931.69,47143040
289,2018-10-22,931.66,938.02,922.75,922.75,41144780
290,2018-10-23,919.26,919.49,893.34,908.0,72791480
291,2018-10-24,905.91,909.4,896.5,896.5,48110900
292,2018-10-25,896.39,896.39,860.13,888.86,56983320
293,2018-10-26,890.71,897.48,881.06,881.06,45672420
294,2018-10-29,878.35,881.87,870.36,874.43,41645700
295,2018-10-30,872.69,881.83,868.29,874.06,37875270
296,2018-10-31,878.68,901.93,878.68,901.57,60484190
297,2018-11-01,900.11,901.17,885.58,887.72,39445040
298,2018-11-02,889.81,905.65,889.81,903.43,55629860
299,2018-11-05,903.24,904.83,894.88,904.83,33823220
300,2018-11-06,905.34,909.19,899.61,899.61,37075370
301,2018-11-07,900.47,903.15,892.79,899.25,45544000
302,2018-11-08,901.42,909.69,899.65,900.4,31118060
303,2018-11-09,900.14,900.14,885.65,885.65,38609740
304,2018-11-12,883.49,889.06,875.29,888.2,33821800
305,2018-11-13,884.98,884.98,873.87,873.87,39563470
306,2018-11-14,874.07,880.65,868.63,871.55,46154090
307,2018-11-15,871.22,874.87,859.86,864.98,42382820
308,2018-11-16,865.03,874.94,863.89,869.24,40658870
309,2018-11-19,869.7,888.76,869.7,888.76,39845470
310,2018-11-20,886.36,893.09,883.8,893.09,43543750
311,2018-11-21,888.54,897.1,880.83,897.1,38917250
312,2018-11-22,897.28,900.77,896.18,898.9,39224680
313,2018-11-23,898.05,899.37,889.78,890.62,37254570
314,2018-11-26,889.88,896.12,886.76,895.05,25039270
315,2018-11-27,895.07,903.78,893.96,895.3,32748380
316,2018-11-28,894.66,901.4,894.27,901.4,29503510
317,2018-11-29,901.48,910.48,897.58,897.58,40276100
318,2018-11-30,897.48,898.69,890.41,894.79,54625390
319,2018-12-03,896.5,921.72,896.5,921.72,63629050
320,2018-12-04,921.74,929.33,920.2,927.46,52507190
321,2018-12-05,927.39,928.9,915.9,925.68,61081880
322,2018-12-06,925.58,928.64,916.63,922.86,55213240
323,2018-12-07,923.9,933.29,923.9,929.59,51431880
324,2018-12-10,928.96,928.96,921.59,922.82,48776970
325,2018-12-11,922.58,925.43,915.68,922.34,43565480
326,2018-12-12,922.43,927.7,922.41,927.7,37560590
327,2018-12-13,928.21,935.33,927.92,928.9,46592070
328,2018-12-14,928.84,928.84,918.19,918.79,48405980
329,2018-12-17,914.97,914.97,901.33,901.41,47291390
330,2018-12-18,901.31,901.31,881.76,890.68,52306770
331,2018-12-19,890.78,891.69,877.63,882.79,52148460
332,2018-12-20,880.4,883.76,876.15,877.03,38045070
333,2018-12-21,877.02,877.02,866.09,873.09,45669710
334,2018-12-24,873.14,879.74,872.99,873.64,31104560
335,2018-12-25,873.56,873.56,850.33,865.69,51475970
336,2018-12-26,865.96,867.88,860.52,861.02,32704590
337,2018-12-27,861.53,872.73,861.53,865.45,35751060
338,2018-12-28,866.04,868.62,854.99,854.99,38254570
339,2019-01-02,855.01,864.64,852.79,855.66,34100240
340,2019-01-03,855.2,856.21,834.81,838.79,50053420
341,2019-01-04,836.6,842.05,821.83,840.17,37439840
342,2019-01-07,843.95,858.69,843.95,851.41,30671600
343,2019-01-08,851.2,852.92,841.86,845.43,27923540
344,2019-01-09,845.53,856.87,845.25,855.51,37200330
345,2019-01-10,855.39,859.93,852.96,857.95,32827000
346,2019-01-11,857.84,862.88,857.67,860.3,34662900
347,2019-01-14,860.4,860.4,854.71,859.42,32413030
348,2019-01-15,859.46,865.26,856.04,865.1,33588140
349,2019-01-16,865.0,868.41,861.18,864.29,33032340
350,2019-01-17,864.15,864.15,853.34,853.34,31743610
351,2019-01-18,854.58,859.95,853.5,854.79,28302650
352,2019-01-21,855.0,865.59,855.0,864.1,46174530
353,2019-01-22,864.45,865.92,859.09,859.17,36096510
354,2019-01-23,859.26,864.83,856.77,861.73,35615120
355,2019-01-24,861.63,866.49,861.04,865.52,35100380
356,2019-01-25,865.44,869.53,865.44,867.7,34851070
357,2019-01-28,867.6,871.56,865.9,868.76,24718870
358,2019-01-29,868.81,872.03,863.22,872.03,30044560
359,2019-01-30,872.01,872.01,867.92,869.16,33258320
360,2019-01-31,869.38,874.09,863.85,866.06,46946380
361,2019-02-01,866.01,868.15,859.38,859.81,41898560
362,2019-02-11,862.2,878.67,862.2,878.67,39935410
363,2019-02-12,878.69,890.16,878.68,888.33,62154530
364,2019-02-13,887.6,897.42,887.6,897.42,65644140
365,2019-02-14,897.88,904.11,897.3,900.12,50274750
366,2019-02-15,900.14,903.11,895.13,897.74,50970670
367,2019-02-18,899.75,904.93,899.74,904.93,51220040
368,2019-02-19,905.09,915.31,905.09,907.82,78092810
369,2019-02-20,907.31,913.51,906.64,911.8,53104240
370,2019-02-21,912.83,926.09,911.38,926.09,63245360
371,2019-02-22,926.3,934.65,920.78,929.5,74937950
372,2019-02-25,929.57,944.01,929.5,939.47,68474130
373,2019-02-26,939.56,941.45,922.93,929.51,58439700
374,2019-02-27,929.78,935.76,928.59,930.54,54958520
375,2019-02-28,930.37,930.81,904.98,904.98,71562220
376,2019-03-01,904.96,915.99,904.96,915.32,39636310
377,2019-03-04,915.39,929.28,915.39,928.42,51481790
378,2019-03-05,928.25,931.23,922.05,923.66,56228360
379,2019-03-06,923.71,926.32,916.89,923.58,36434210
380,2019-03-07,923.77,930.79,922.29,922.29,51391120
381,2019-03-08,922.16,922.16,913.39,914.74,41836570
382,2019-03-11,915.0,918.73,911.88,916.24,32014260
383,2019-03-12,919.21,929.86,919.21,929.86,59909910
384,2019-03-13,929.93,939.17,929.93,935.41,72240930
385,2019-03-14,935.72,937.82,931.33,934.42,51531570
386,2019-03-15,934.87,934.87,924.45,927.06,72931340
387,2019-03-18,927.16,935.16,926.85,932.75,61794930
388,2019-03-19,933.56,935.67,924.91,927.56,56478250
389,2019-03-20,927.54,927.54,914.77,924.12,59408870
390,2019-03-21,924.22,928.32,907.87,907.87,53919570
391,2019-03-22,907.94,914.69,906.64,912.27,46663850
392,2019-03-25,912.1,912.1,889.17,893.4,53507330
393,2019-03-26,893.78,901.81,892.47,894.58,38004810
394,2019-03-27,895.71,903.35,895.71,901.76,32702110
395,2019-03-28,901.51,903.88,898.17,901.65,31095800
396,2019-03-29,901.64,906.84,900.13,900.13,45013980
397,2019-04-01,900.17,905.94,900.17,905.87,40144870
398,2019-04-02,907.18,912.94,902.43,903.59,35223770
399,2019-04-03,902.71,903.05,897.47,901.5,34513830
400,2019-04-04,902.07,906.29,900.97,904.33,32078960
401,2019-04-05,904.61,905.76,902.77,904.69,30171520
402,2019-04-08,904.92,907.2,900.97,906.55,33275430
403,2019-04-09,906.46,908.94,898.8,900.07,42510820
404,2019-04-10,899.91,899.91,887.75,893.19,34637240
405,2019-04-11,893.6,896.68,892.62,896.04,24748350
406,2019-04-12,895.95,895.95,891.71,893.1,27813000
407,2019-04-16,890.81,890.81,877.38,887.76,36537920
408,2019-04-17,886.65,891.78,885.64,885.66,34638940
409,2019-04-18,884.29,887.48,876.2,877.02,39355710
410,2019-04-19,877.07,884.77,877.07,880.52,26150620
411,2019-04-22,880.9,880.9,873.55,878.23,34285820
412,2019-04-23,878.38,881.67,875.05,878.29,37895280
413,2019-04-24,877.97,889.02,877.97,888.65,35004620
414,2019-04-25,888.57,888.91,883.72,885.65,29184040
415,2019-04-26,885.47,890.69,882.58,890.55,34567810
416,2019-05-02,890.6,893.89,889.61,893.87,36439930
417,2019-05-03,893.8,895.7,889.2,895.42,47857200
418,2019-05-06,893.83,893.83,875.71,878.8,41223290
419,2019-05-07,880.06,885.23,876.18,877.02,36430910
420,2019-05-08,872.22,874.89,867.18,872.78,38545850
421,2019-05-09,872.71,875.89,868.73,871.5,39316830
422,2019-05-10,871.28,877.59,871.28,876.45,34857290
423,2019-05-13,876.16,879.64,874.68,879.64,37914590
424,2019-05-14,879.14,882.67,871.96,882.67,39065320
425,2019-05-15,882.99,893.68,882.99,893.22,46181060
426,2019-05-16,893.7,896.34,891.93,891.93,39252920
427,2019-05-17,892.93,893.44,888.56,890.53,40028260
428,2019-05-20,890.16,901.06,888.12,901.06,42542890
429,2019-05-21,901.79,907.64,900.97,901.36,43008810
430,2019-05-22,901.49,906.99,897.27,897.66,43386130
431,2019-05-23,897.5,899.02,892.08,895.07,30514000
432,2019-05-24,894.22,898.24,884.48,884.48,44872700
433,2019-05-27,884.29,889.45,883.95,889.2,29654840
434,2019-05-28,888.8,891.61,883.53,885.27,30927150
435,2019-05-29,886.12,886.98,882.0,883.52,33829930
436,2019-05-30,883.51,888.68,879.58,883.37,29873700
437,2019-05-31,883.39,884.75,875.77,876.29,34297640
438,2019-06-03,875.64,875.64,858.64,864.08,51473370
439,2019-06-04,864.27,868.67,857.94,864.35,32528920
440,2019-06-05,866.79,871.91,863.69,863.69,27109050
441,2019-06-06,863.81,865.16,851.47,861.31,38238280
442,2019-06-07,860.64,869.56,860.64,869.56,33454350
443,2019-06-10,869.68,877.45,866.79,872.49,44465190
444,2019-06-11,872.53,874.32,870.0,870.91,29455250
445,2019-06-12,870.48,871.64,865.42,865.42,32449060
446,2019-06-13,865.29,865.29,857.72,859.68,32318410
447,2019-06-14,859.53,864.29,859.08,861.65,34401390
448,2019-06-17,861.37,862.36,851.14,852.99,40074050
449,2019-06-18,852.62,853.95,845.4,848.17,42999880
450,2019-06-19,850.34,854.81,850.34,854.34,39852300
451,2019-06-20,854.9,867.91,853.96,864.59,53355700
452,2019-06-21,864.44,870.35,864.44,866.53,72303640
453,2019-06-24,866.63,873.33,866.63,868.94,40701190
454,2019-06-25,867.73,870.37,866.25,868.5,38482520
455,2019-06-26,868.16,870.52,865.67,866.81,41570560
456,2019-06-27,866.84,867.08,854.41,854.41,44966190
457,2019-06-28,854.49,864.24,847.77,864.24,43760910
458,2019-07-01,864.26,876.39,864.26,876.26,49225200
459,2019-07-02,876.27,877.08,870.71,872.92,38741880
460,2019-07-03,872.77,872.77,865.59,869.58,42594210
461,2019-07-04,870.03,879.72,870.03,879.72,49311640
462,2019-07-05,879.49,882.19,876.28,880.23,41267320
463,2019-07-08,878.96,878.96,867.35,870.92,44396550
464,2019-07-09,871.19,872.52,866.32,872.21,41064380
465,2019-07-10,872.2,878.32,872.2,876.12,41858640
466,2019-07-11,877.86,880.88,876.69,879.1,39213260
467,2019-07-12,880.06,883.15,874.56,874.99,46827980
468,2019-07-15,875.28,876.82,870.84,873.71,42053110
469,2019-07-16,873.74,880.91,873.74,880.91,48665170
470,2019-07-17,880.69,882.85,877.59,879.75,59853640
471,2019-07-18,879.66,879.66,870.81,870.81,44968100
472,2019-07-19,870.97,881.16,870.97,880.79,63926250
473,2019-07-22,880.49,885.42,878.39,879.62,48837900
474,2019-07-23,879.42,889.04,878.22,888.26,48223670
475,2019-07-24,888.63,892.81,885.66,887.39,46413440
476,2019-07-25,887.43,892.31,885.19,890.41,54563440
477,2019-07-26,890.44,891.9,886.09,887.84,45307890
478,2019-07-29,887.96,889.97,880.92,888.54,44918580
479,2019-07-30,888.7,892.38,877.92,877.92,44932360
480,2019-07-31,877.8,885.86,874.39,883.19,43400530
481,2019-08-01,884.29,887.39,881.52,887.39,41754860
482,2019-08-02,887.06,887.06,877.76,885.29,54739360
483,2019-08-05,883.34,884.09,872.39,872.39,53465930
484,2019-08-06,870.82,870.82,858.02,866.13,52907240
485,2019-08-07,866.76,872.05,863.57,868.27,40017410
486,2019-08-08,868.2,877.32,866.69,875.81,58877170
487,2019-08-09,876.5,880.29,874.51,878.62,46667200
488,2019-08-12,878.56,883.41,877.33,882.23,44745840
489,2019-08-13,882.2,882.2,875.32,877.97,59070490
490,2019-08-14,880.04,886.8,880.04,880.51,44297320
491,2019-08-15,874.42,890.78,867.95,890.78,50395380
492,2019-08-16,890.39,900.31,886.87,892.44,70252830
493,2019-08-19,892.32,897.03,889.34,891.78,39311010
494,2019-08-20,891.73,894.86,890.96,894.45,41244380
495,2019-08-21,894.56,901.25,892.05,900.54,56164360
496,2019-08-22,901.28,904.41,899.58,901.29,46933460
497,2019-08-23,901.53,902.5,896.87,900.53,49584900
498,2019-08-26,899.1,899.1,887.05,892.48,65313090
499,2019-08-27,893.72,899.29,886.91,886.91,59291850
500,2019-08-28,886.82,890.58,885.23,886.08,41622640
501,2019-08-29,886.04,889.13,882.14,889.13,42613720
502,2019-08-30,888.94,893.57,888.83,892.51,40839960
503,2019-09-03,892.83,894.11,886.02,888.97,45768490
504,2019-09-04,888.95,890.31,883.91,887.12,41234740
505,2019-09-05,887.21,891.43,886.1,886.1,42074670
506,2019-09-06,885.93,889.49,884.9,885.95,40543850
507,2019-09-09,886.71,887.01,883.43,885.61,37164220
508,2019-09-10,885.84,888.57,881.04,883.04,46274080
509,2019-09-11,882.9,886.12,881.34,885.52,34851830
510,2019-09-12,886.12,894.32,886.12,894.32,48192160
511,2019-09-13,894.21,905.31,893.8,905.05,67622020
512,2019-09-16,905.0,909.7,902.82,908.6,52499530
513,2019-09-17,908.51,912.89,904.36,912.38,49773900
514,2019-09-18,912.42,915.09,911.08,913.48,64916030
515,2019-09-19,913.4,918.88,909.88,918.88,57544160
516,2019-09-20,919.38,920.77,914.55,915.16,72085600
517,2019-09-23,914.73,918.42,909.98,909.98,63685170
518,2019-09-24,909.94,914.02,908.03,910.76,50415610
519,2019-09-25,910.57,913.33,906.6,912.42,51189520
520,2019-09-26,912.91,918.1,911.57,918.1,61815870
521,2019-09-27,919.43,925.58,917.72,924.83,64121740
522,2019-09-30,925.79,930.88,922.62,922.89,63284690
523,2019-10-01,922.87,926.31,921.69,926.31,59813890
524,2019-10-02,926.44,927.43,917.68,919.73,69144140
525,2019-10-03,919.63,921.7,911.6,921.7,63663830
526,2019-10-04,921.73,924.36,915.16,915.16,62008430
527,2019-10-07,915.62,917.36,907.5,907.5,60836700
528,2019-10-08,907.06,915.34,906.88,915.27,65243600
529,2019-10-09,915.38,917.9,912.48,914.54,62566710
530,2019-10-10,914.59,917.08,912.2,913.05,54842380
531,2019-10-11,913.84,917.14,912.94,916.68,61846270
532,2019-10-14,916.81,924.69,916.81,921.91,81662930
533,2019-10-15,921.95,924.79,920.63,923.27,55003840
534,2019-10-16,923.26,927.91,923.26,924.64,55092660
535,2019-10-17,924.53,924.79,919.1,919.1,65013550
536,2019-10-18,919.92,922.62,916.87,919.13,57605110
537,2019-10-21,918.02,918.81,913.94,914.0,63505800
538,2019-10-22,914.04,917.61,912.7,916.81,59083710
539,2019-10-23,916.76,919.61,915.87,919.61,55202580
540,2019-10-24,919.54,925.25,919.17,925.25,59252900
541,2019-10-25,925.49,927.05,923.56,927.05,56303260
542,2019-10-28,927.96,929.93,925.8,925.97,60005810
543,2019-10-29,925.67,928.38,923.97,923.97,59000930
544,2019-10-30,923.98,928.85,922.67,925.07,56666560
545,2019-10-31,925.02,928.88,922.06,922.68,63154480
546,2019-11-01,922.46,934.21,922.46,933.55,76837110
547,2019-11-04,933.96,941.46,932.31,940.25,87334540
548,2019-11-05,940.53,944.62,938.73,942.34,71492500
549,2019-11-06,942.4,945.43,940.76,942.38,75016380
550,2019-11-07,942.56,945.26,940.23,944.25,76226210
551,2019-11-08,944.28,948.37,942.19,944.7,74207740
552,2019-11-11,944.72,946.55,938.78,939.72,80097000
553,2019-11-12,939.56,942.55,937.95,939.82,66245180
554,2019-11-13,939.97,941.13,930.84,932.6,76758480
555,2019-11-14,932.45,935.72,927.14,928.44,78620440
556,2019-11-15,928.82,930.84,922.59,927.36,66130230
557,2019-11-18,927.49,929.18,920.52,920.95,69835800
558,2019-11-19,921.0,926.07,919.95,926.07,63691480
559,2019-11-20,925.94,926.67,917.0,917.0,72569190
560,2019-11-21,917.06,917.06,898.23,898.23,83040690
561,2019-11-22,898.93,906.93,885.83,892.31,82099050
562,2019-11-25,892.38,896.43,886.81,894.8,63815430
563,2019-11-26,895.36,900.72,895.36,897.5,68546970
564,2019-11-27,898.58,901.1,894.8,895.06,58427250
565,2019-11-28,894.45,895.42,883.16,885.7,69367550
566,2019-11-29,885.9,888.41,882.68,887.47,60328840
567,2019-12-02,887.19,889.47,875.1,875.1,76462740
568,2019-12-03,874.9,877.96,865.74,868.68,77467050
569,2019-12-04,868.79,883.56,865.31,883.56,74534040
570,2019-12-05,883.33,886.36,878.39,879.32,61676770
571,2019-12-06,878.28,882.59,875.99,880.43,60752790
572,2019-12-09,880.39,882.58,876.01,879.94,64151210
573,2019-12-10,879.95,880.22,870.25,873.16,72499410
574,2019-12-11,873.38,878.27,869.15,878.27,66716030
575,2019-12-12,878.95,885.73,878.88,884.8,57447090
576,2019-12-13,884.98,888.53,880.55,880.55,65816420
577,2019-12-16,878.88,879.75,874.06,876.65,67010160
578,2019-12-17,876.5,877.63,867.13,867.44,72408090
579,2019-12-18,866.61,867.69,861.05,863.16,69570980
580,2019-12-19,862.78,867.25,858.76,862.23,68010500
581,2019-12-20,862.41,869.52,862.38,868.37,69391620
582,2019-12-23,869.08,872.75,867.92,868.2,72189520
583,2019-12-24,868.14,869.9,864.86,869.88,57924660
584,2019-12-25,869.93,874.93,869.22,873.18,53692380
585,2019-12-26,873.17,874.87,869.57,872.07,40379950
586,2019-12-27,872.11,876.38,867.95,876.38,26809950
587,2019-12-30,876.61,881.27,876.13,880.29,33522140
588,2019-12-31,880.42,881.98,876.66,879.06,44433790
589,2020-01-02,879.02,886.88,876.87,886.88,50389450
590,2020-01-03,887.11,890.38,883.18,883.28,43220590
591,2020-01-06,882.51,882.51,872.34,872.34,36868840
592,2020-01-07,872.32,877.34,870.49,876.7,40277740
593,2020-01-08,876.64,876.64,861.51,865.18,53101180
594,2020-01-09,867.27,878.43,867.27,877.76,45705720
595,2020-01-10,877.85,888.09,877.7,885.52,72856040
596,2020-01-13,884.95,885.45,881.35,881.79,32553390
597,2020-01-14,881.77,886.83,880.58,884.77,50679260
598,2020-01-15,884.95,886.33,882.79,885.36,35671150
599,2020-01-16,885.88,892.2,883.83,891.96,63476010
600,2020-01-17,891.66,897.63,891.36,894.84,48879990
601,2020-01-20,894.6,897.4,891.75,897.4,39722470
602,2020-01-21,897.97,907.51,897.97,906.52,57331520
603,2020-01-22,906.17,909.41,903.27,909.09,51710960
604,2020-01-30,908.2,908.2,870.53,875.82,80136320
605,2020-01-31,875.43,876.59,848.63,848.63,83267610
606,2020-02-03,848.42,848.42,803.73,842.67,91769740
607,2020-02-04,842.79,849.8,833.93,845.52,73132220
608,2020-02-05,845.65,854.72,840.41,845.31,63586260
609,2020-02-06,845.38,862.86,842.68,862.86,97615310
610,2020-02-07,862.71,865.91,858.02,863.49,72831920
611,2020-02-10,863.28,863.28,848.21,852.87,46861970
612,2020-02-11,853.09,859.38,853.09,856.39,70070560
613,2020-02-12,856.64,870.1,856.64,863.23,80775330
614,2020-02-13,862.72,864.79,858.46,864.16,58430270
615,2020-02-14,865.03,868.84,863.14,865.86,74645390
616,2020-02-17,865.83,867.45,862.75,866.27,58437180
617,2020-02-18,866.06,866.61,858.61,861.71,60234370
618,2020-02-19,860.23,865.4,859.65,863.84,52573160
619,2020-02-20,864.0,872.86,864.0,871.4,59013520
620,2020-02-21,871.49,877.52,868.59,868.89,66759070
621,2020-02-24,867.56,867.56,837.4,837.4,95170340
622,2020-02-25,836.54,849.58,827.81,849.58,69289070
623,2020-02-26,849.56,849.56,837.52,841.68,54642970
624,2020-02-27,841.19,849.18,836.56,848.34,55423910
625,2020-02-28,844.02,844.02,823.09,831.97,69885780
626,2020-03-02,831.25,837.99,827.23,835.42,69305330
627,2020-03-03,835.14,846.21,835.14,837.99,64175180
628,2020-03-04,838.02,839.26,831.2,837.99,52991210
629,2020-03-05,838.93,846.58,836.32,839.12,67022900
630,2020-03-06,838.77,838.77,827.12,835.97,53908060
631,2020-03-09,835.65,835.65,781.12,782.85,107131850
632,2020-03-10,780.66,794.88,762.34,789.51,90062880
633,2020-03-11,789.75,795.98,746.83,758.16,99250550
634,2020-03-12,757.9,757.9,710.33,719.21,113236020
635,2020-03-13,715.34,722.3,674.36,716.65,113472590
636,2020-03-16,716.52,716.52,688.8,698.18,74029820
637,2020-03-17,698.0,702.36,673.21,699.73,80439940
638,2020-03-18,699.93,705.3,695.42,700.65,77434820
639,2020-03-19,699.35,699.35,669.04,679.55,73193700
640,2020-03-20,679.78,683.55,668.9,673.7,81174090
641,2020-03-23,671.05,671.05,628.46,632.86,81061380
642,2020-03-24,632.63,633.97,619.07,625.43,85901840
643,2020-03-25,625.83,652.31,625.83,652.31,86267230
644,2020-03-26,651.94,655.06,639.02,646.7,74094650
645,2020-03-27,646.61,649.17,633.41,642.23,102644660
646,2020-03-30,641.92,641.92,605.0,613.02,81044380
647,2020-03-31,613.33,629.08,598.6,610.76,77472420
648,2020-04-01,609.35,631.6,606.03,628.79,73251500
649,2020-04-03,630.37,649.15,630.37,649.15,84127900
650,2020-04-06,649.81,682.65,649.81,682.65,127163130
651,2020-04-07,682.5,695.45,677.03,693.61,117080630
652,2020-04-08,693.66,693.66,675.26,691.17,76666570
653,2020-04-09,691.28,704.18,691.28,697.85,111266900
654,2020-04-10,697.9,701.77,687.18,695.74,146864700
655,2020-04-13,695.84,714.58,695.84,706.37,82299370
656,2020-04-14,706.24,713.81,699.03,713.81,94916160
657,2020-04-15,714.39,726.2,714.39,722.8,91992100
658,2020-04-16,721.73,726.71,714.52,726.57,72703140
659,2020-04-17,727.51,736.17,727.51,734.98,100568910
660,2020-04-20,736.1,742.27,729.52,736.31,99010230
661,2020-04-21,734.14,734.14,702.61,706.65,128951820
662,2020-04-22,706.54,718.62,692.03,714.42,86106800
663,2020-04-23,715.62,729.99,715.62,717.49,63426140
664,2020-04-24,717.41,725.52,711.14,725.05,64551610
665,2020-04-27,724.76,735.28,719.66,719.66,81802970
666,2020-04-28,719.45,721.73,711.84,715.74,64778960
667,2020-04-29,715.47,719.18,713.62,715.33,69755970
668,2020-05-04,714.9,716.05,706.47,709.35,65868010
669,2020-05-05,710.22,714.59,707.49,711.01,48703130
670,2020-05-06,711.34,725.94,709.77,725.94,77213190
671,2020-05-07,726.17,739.98,726.17,739.98,82601000
672,2020-05-08,740.14,773.22,740.14,760.15,146260040
673,2020-05-11,760.86,777.13,760.66,777.13,107514590
674,2020-05-12,777.35,783.77,766.7,782.45,104564430
675,2020-05-13,781.85,788.06,760.2,783.69,122448880
676,2020-05-14,782.87,785.1,773.62,780.73,86237430
677,2020-05-15,781.36,785.26,771.25,773.95,80443320
678,2020-05-18,774.07,787.27,770.61,787.27,81990780
679,2020-05-19,787.53,808.17,787.53,799.31,119339160
680,2020-05-20,799.28,803.35,793.75,803.32,97443060
681,2020-05-21,803.57,815.55,802.49,815.55,134973200
682,2020-05-22,815.51,815.51,802.82,803.14,95158480
683,2020-05-25,803.35,809.12,799.23,807.25,81739940
684,2020-05-26,807.55,815.96,807.55,815.01,101929820
685,2020-05-27,816.04,821.36,801.36,801.36,119115010
686,2020-05-28,801.38,810.43,800.16,804.06,91471520
687,2020-05-29,804.0,808.83,801.46,806.23,76808710
688,2020-06-01,806.44,821.47,806.44,821.47,176781350
689,2020-06-02,821.89,827.11,818.12,818.7,147384620
690,2020-06-03,819.02,824.54,818.33,824.29,89255290
691,2020-06-04,824.3,831.49,823.51,823.77,135464800
692,2020-06-05,823.46,826.47,818.33,826.47,147686540
693,2020-06-08,826.79,845.63,826.79,838.52,155914950
694,2020-06-09,839.19,843.58,836.13,837.02,152484730
695,2020-06-10,836.8,842.21,827.6,839.11,164035740
696,2020-06-11,839.02,842.76,806.64,806.87,191851870
697,2020-06-12,803.11,807.76,782.7,807.76,183055290
698,2020-06-15,808.58,813.59,778.71,778.71,141902860
699,2020-06-16,779.8,801.42,779.8,798.82,84854820
700,2020-06-17,799.14,802.06,793.2,796.43,76200410
701,2020-06-18,795.84,800.03,788.72,797.08,58891460
702,2020-06-19,797.21,808.28,797.03,808.28,81044560
703,2020-06-22,808.58,812.99,805.24,809.97,68483440
704,2020-06-23,809.53,812.24,803.96,807.61,95807000
705,2020-06-24,807.9,813.47,799.35,801.62,74689590
706,2020-06-25,801.29,801.29,791.38,796.51,74549190
707,2020-06-26,796.7,803.88,793.08,795.53,53642210
708,2020-06-29,795.11,795.11,768.99,774.81,97111120
709,2020-06-30,774.84,784.44,765.62,770.53,74258230
710,2020-07-01,770.23,787.38,770.02,786.82,56962280
711,2020-07-02,787.13,788.88,781.45,785.59,54056700
712,2020-07-03,785.81,790.3,785.81,789.87,43303010
713,2020-07-06,790.08,803.76,790.08,803.46,74204520
714,2020-07-07,803.61,812.48,803.61,805.68,87361600
715,2020-07-08,805.67,807.09,801.57,805.06,52132960
716,2020-07-09,805.12,819.45,805.12,817.08,81034330
717,2020-07-10,816.76,817.67,806.67,809.02,71215730
718,2020-07-13,809.03,814.35,802.5,806.17,65612220
719,2020-07-14,805.21,805.92,798.21,805.37,60124200
720,2020-07-15,805.38,815.09,805.38,810.16,53466480
721,2020-07-16,811.24,819.83,809.41,819.83,64520530
722,2020-07-17,819.27,819.27,812.61,814.16,65439170
723,2020-07-20,814.0,814.0,803.36,803.36,69313020
724,2020-07-21,803.55,806.34,799.98,804.7,62634380
725,2020-07-22,804.26,806.93,797.82,797.85,65223560
726,2020-07-23,797.94,800.29,794.59,800.29,73617580
727,2020-07-24,798.89,798.89,760.56,772.29,142231570
728,2020-07-27,767.3,767.3,726.02,729.93,127324950
729,2020-07-28,730.55,757.5,730.55,756.17,106762410
730,2020-07-29,755.14,755.14,722.85,735.16,95374560
731,2020-07-30,735.3,746.74,735.3,746.02,51151920
732,2020-07-31,745.33,747.56,731.14,740.73,58079130
733,2020-08-03,740.33,758.3,738.64,757.86,75712850
734,2020-08-04,759.19,768.46,759.19,768.22,62080110
735,2020-08-05,767.54,782.09,761.26,780.71,84975870
736,2020-08-06,780.69,787.27,776.04,781.6,64066590
737,2020-08-07,781.61,785.99,778.45,782.15,68194780
738,2020-08-10,782.5,791.67,782.5,784.3,79376100
739,2020-08-11,784.74,788.92,781.04,784.57,60223460
740,2020-08-12,784.58,790.01,784.23,788.42,71949730
741,2020-08-13,789.26,795.69,789.26,795.09,62104890
742,2020-08-14,795.13,801.61,789.12,791.98,85640670
743,2020-08-17,791.89,793.61,782.52,791.54,57165820
744,2020-08-18,791.6,792.13,784.93,786.95,41657400
745,2020-08-19,787.23,791.85,786.01,789.41,51465360
746,2020-08-20,789.49,793.35,783.57,786.11,65866250
747,2020-08-21,786.14,795.05,786.14,793.6,78118940
748,2020-08-24,793.46,810.17,793.46,809.69,102484240
749,2020-08-25,809.34,818.94,809.34,815.18,107201730
750,2020-08-26,815.19,816.68,811.45,812.36,89049860
751,2020-08-27,812.47,814.64,810.68,814.55,72352280
752,2020-08-28,814.69,828.88,814.69,821.93,102827430
753,2020-08-31,822.01,831.76,820.66,823.93,82419120
754,2020-09-01,823.27,832.87,821.74,832.03,78823790
755,2020-09-03,832.27,844.27,832.27,843.64,104709690
756,2020-09-04,843.22,843.22,833.54,840.54,103338380
757,2020-09-07,840.64,843.8,824.36,824.36,98247460
758,2020-09-08,824.62,829.22,819.02,827.57,81334060
759,2020-09-09,827.5,828.38,816.51,824.42,82985570
760,2020-09-10,825.15,832.61,825.15,825.85,67659910
761,2020-09-11,825.81,827.83,821.97,825.56,64103290
762,2020-09-14,825.69,833.09,825.69,832.24,65500510
763,2020-09-15,832.27,835.42,831.13,833.33,87508060
764,2020-09-16,833.31,834.52,831.33,834.5,54112550
765,2020-09-17,834.6,837.76,829.08,831.84,96606620
766,2020-09-18,832.46,842.1,832.46,841.26,94168740
767,2020-09-21,841.28,852.65,841.28,851.54,106118340
768,2020-09-22,851.43,854.69,846.03,852.72,130393430
769,2020-09-23,852.88,860.34,852.88,858.3,111915820
770,2020-09-24,858.14,858.89,852.29,853.21,90213290
771,2020-09-25,853.19,856.79,850.1,854.71,105360670
772,2020-09-28,854.84,863.98,854.84,863.31,134681820
773,2020-09-29,863.59,871.99,856.2,856.2,135082450
774,2020-09-30,856.07,860.1,852.54,858.54,104923280
775,2020-10-01,859.27,868.3,859.27,867.58,106515880
776,2020-10-02,867.93,870.8,850.61,861.51,164531140
777,2020-10-05,861.65,869.09,861.65,867.7,115090400
778,2020-10-06,867.74,872.39,866.12,871.37,148279580
779,2020-10-07,870.98,876.31,867.06,870.85,157151510
780,2020-10-08,870.88,873.13,864.55,869.82,139809540
781,2020-10-09,869.8,875.52,868.36,874.53,115723800
782,2020-10-12,874.72,882.84,871.58,874.9,130255360
783,2020-10-13,874.58,879.25,872.36,878.35,103915810
784,2020-10-14,878.94,892.25,878.94,892.15,176566350
785,2020-10-15,896.5,901.71,893.94,899.2,167589220
786,2020-10-16,899.58,906.17,892.7,901.59,157348820
787,2020-10-19,899.61,906.16,899.61,903.51,142169620
788,2020-10-20,903.57,909.49,899.42,909.49,179990420
789,2020-10-21,910.63,918.14,905.08,906.1,152206540
790,2020-10-22,905.85,918.3,901.96,918.3,133646710
791,2020-10-23,918.84,930.59,918.84,930.3,163038710
792,2020-10-26,929.5,942.72,919.56,919.56,167434310
793,2020-10-27,919.6,926.52,914.72,915.46,189908440
794,2020-10-28,913.37,916.0,888.88,888.88,183439080
795,2020-10-29,887.99,894.19,879.74,886.68,151632600
796,2020-10-30,887.34,893.42,875.84,892.55,130033580
797,2020-11-02,892.68,900.03,889.83,899.27,83556370
798,2020-11-03,899.73,904.78,897.3,902.14,110878290
799,2020-11-04,902.38,910.59,900.74,905.48,112218650
800,2020-11-05,905.55,913.2,903.64,903.64,97631160
801,2020-11-06,903.68,907.67,899.51,902.91,79120200
802,2020-11-09,903.13,917.42,903.13,917.42,108928030
803,2020-11-10,917.45,929.66,916.5,916.5,137867540
804,2020-11-11,916.98,919.95,910.39,916.68,114386310
805,2020-11-12,916.89,923.0,916.21,923.0,85346880
806,2020-11-13,923.04,931.2,923.0,931.2,122988700
807,2020-11-16,931.4,939.1,915.23,915.97,173012830
808,2020-11-17,916.25,934.65,916.25,934.65,129177640
809,2020-11-18,935.24,939.62,931.18,937.67,153573720
810,2020-11-19,938.6,945.06,936.32,944.92,166086320
811,2020-11-20,944.85,950.89,942.28,950.89,125700510
812,2020-11-23,950.98,961.35,946.14,960.03,164653110
813,2020-11-24,959.99,964.53,948.67,959.61,184868340
814,2020-11-25,959.68,963.81,957.09,960.63,175122450
815,2020-11-26,960.29,964.16,953.46,964.16,156138260
816,2020-11-27,964.32,971.11,963.69,971.11,142656350
817,2020-11-30,971.39,975.46,965.89,965.89,168722120
818,2020-12-01,963.57,976.44,951.92,976.35,213408260
819,2020-12-02,976.27,981.28,973.58,979.95,187854660
820,2020-12-03,980.17,986.4,978.16,985.44,183517840
821,2020-12-04,985.91,988.68,983.03,984.34,182020670
822,2020-12-07,984.25,992.59,984.07,992.01,148301050
823,2020-12-08,992.11,996.64,988.71,993.61,153446320
824,2020-12-09,993.68,1004.61,993.68,1004.03,180899680
825,2020-12-10,1004.42,1008.6,994.28,994.28,173563520
826,2020-12-11,994.34,1008.65,994.29,1008.65,127663730
827,2020-12-14,1008.86,1024.28,1008.86,1024.28,160378000
828,2020-12-15,1024.4,1025.34,1009.8,1013.02,173336680
829,2020-12-16,1013.66,1029.72,1013.66,1029.72,178525030
830,2020-12-17,1028.63,1028.63,1015.86,1016.95,226638630
831,2020-12-18,1017.99,1037.98,1017.99,1036.65,183606010
832,2020-12-21,1038.0,1052.85,1038.0,1049.71,187655270
833,2020-12-22,1051.17,1053.81,1043.8,1052.23,204617490
834,2020-12-23,1053.89,1058.91,1043.88,1045.7,203334040
835,2020-12-24,1045.97,1051.56,1013.9,1033.95,212709620
836,2020-12-25,1033.86,1052.16,1026.05,1052.13,161859380
837,2020-12-28,1053.37,1063.09,1047.45,1054.23,190250810
838,2020-12-29,1053.83,1062.61,1050.05,1058.39,153419410
839,2020-12-30,1059.2,1069.5,1055.25,1059.16,173017710
840,2020-12-31,1058.9,1074.02,1058.9,1070.77,136030310
841,2021-01-04,1072.44,1097.61,1072.44,1091.87,233730100
842,2021-01-05,1090.71,1106.29,1086.07,1104.3,191641100
843,2021-01-06,1105.74,1125.63,1104.99,1113.72,225226500
844,2021-01-07,1113.88,1130.59,1113.88,1130.59,215401400
845,2021-01-08,1131.0,1156.38,1131.0,1147.86,220086200
846,2021-01-11,1148.06,1165.99,1148.06,1163.4,222792000
847,2021-01-12,1163.44,1169.38,1155.9,1169.03,202517400
848,2021-01-13,1169.16,1178.44,1161.87,1164.57,187356100
849,2021-01-14,1165.22,1169.97,1156.58,1168.99,229616000
850,2021-01-15,1169.27,1185.46,1169.27,1182.2,211717400
851,2021-01-18,1183.25,1188.53,1171.96,1173.34,199288900
852,2021-01-19,1173.27,1173.61,1098.47,1107.32,324705300
853,2021-01-20,1108.92,1121.97,1073.13,1116.21,262600200
854,2021-01-21,1121.52,1152.9,1114.26,1151.3,204600400
855,2021-01-22,1151.56,1164.45,1147.88,1156.58,210394400
856,2021-01-25,1156.55,1164.7,1149.26,1154.29,198478400
857,2021-01-26,1153.94,1155.32,1107.54,1125.09,236714100
858,2021-01-27,1122.92,1125.25,1073.74,1083.63,241013700
859,2021-01-28,1080.83,1080.83,1008.53,1010.75,282129400
860,2021-01-29,1009.96,1070.05,978.85,1048.31,242653600
861,2021-02-01,1048.01,1068.93,1029.21,1029.86,175342500
862,2021-02-02,1029.55,1079.87,1025.18,1079.7,162837100
863,2021-02-03,1080.23,1122.04,1080.23,1117.98,204897000
864,2021-02-04,1117.52,1126.64,1103.11,1117.74,155634900
865,2021-02-05,1117.92,1135.5,1117.92,1135.5,139783900
866,2021-02-08,1135.59,1136.38,1077.4,1092.59,228472200
867,2021-02-09,1092.67,1129.49,1089.85,1129.49,173192200
868,2021-02-17,1130.19,1174.91,1130.19,1174.91,174115900
869,2021-02-18,1174.8,1187.94,1162.48,1187.94,183246200
870,2021-02-19,1186.7,1188.61,1168.18,1180.59,166179400
871,2021-02-22,1180.48,1190.48,1172.71,1180.55,175256400
872,2021-02-23,1180.38,1191.74,1174.18,1182.47,195049200
873,2021-02-24,1182.76,1192.04,1161.13,1167.18,178724400
874,2021-02-25,1168.22,1175.19,1158.06,1169.82,158378900
875,2021-02-26,1169.37,1175.4,1153.41,1173.6,178992100
876,2021-03-01,1173.72,1192.85,1173.72,1191.83,191028700
877,2021-03-02,1192.6,1203.84,1188.01,1194.71,169421200
878,2021-03-03,1194.78,1198.36,1189.14,1195.6,154440900
879,2021-03-04,1195.62,1200.42,1164.63,1174.29,183128200
880,2021-03-05,1174.36,1174.8,1157.45,1173.83,205207500
881,2021-03-08,1175.19,1186.29,1164.78,1170.0,164933700
882,2021-03-09,1169.89,1169.89,1150.18,1163.0,159976000
883,2021-03-10,1163.43,1173.58,1154.29,1172.26,156010800
884,2021-03-11,1172.94,1190.47,1172.94,1188.71,167311800
885,2021-03-12,1188.74,1193.97,1184.64,1187.81,147251900
886,2021-03-15,1187.84,1194.29,1184.32,1190.86,149674500
887,2021-03-16,1191.08,1192.15,1177.05,1187.84,163858900
888,2021-03-17,1188.31,1193.45,1183.83,1193.45,193596700
889,2021-03-18,1193.71,1211.54,1193.71,1211.54,155167300
890,2021-03-19,1211.08,1211.08,1201.17,1203.36,171417400
891,2021-03-22,1204.0,1207.28,1194.79,1198.54,161297800
892,2021-03-23,1198.49,1198.49,1182.22,1186.98,155689000
893,2021-03-24,1186.04,1186.04,1157.69,1165.61,190246400
894,2021-03-25,1165.8,1175.86,1159.25,1164.64,165895200
895,2021-03-26,1164.38,1170.75,1143.08,1167.19,172710300
896,2021-03-29,1167.3,1182.06,1167.3,1180.07,145667400
897,2021-03-30,1180.21,1192.9,1175.9,1190.86,217511900
898,2021-03-31,1190.96,1203.18,1189.47,1196.24,171904000
899,2021-04-01,1196.62,1227.56,1196.39,1226.16,222239500
900,2021-04-02,1226.84,1243.67,1226.84,1238.03,199249300
901,2021-04-05,1240.24,1256.12,1240.24,1249.9,219162300
902,2021-04-06,1248.43,1260.35,1245.16,1255.36,222982600
903,2021-04-07,1255.35,1257.77,1248.15,1257.77,213314200
904,2021-04-08,1257.75,1263.03,1249.45,1251.81,161341700
905,2021-04-09,1251.71,1256.06,1245.26,1253.26,173791500
906,2021-04-12,1254.39,1279.52,1254.39,1278.19,267960600
907,2021-04-13,1278.31,1298.78,1276.74,1277.35,255773400
908,2021-04-14,1277.31,1290.77,1263.89,1290.77,207521100
909,2021-04-15,1291.83,1300.84,1283.98,1284.2,236678100
910,2021-04-16,1283.18,1291.37,1262.52,1276.87,247667200
911,2021-04-19,1277.11,1306.22,1271.52,1306.22,210596900
912,2021-04-20,1308.03,1331.56,1303.68,1312.68,244920500
913,2021-04-22,1312.33,1317.5,1271.53,1271.53,232535000
914,2021-04-23,1271.52,1301.39,1262.89,1301.39,245629900
915,2021-04-26,1301.84,1305.73,1269.78,1275.04,216946500
916,2021-04-27,1274.32,1283.95,1264.57,1283.81,171780800
917,2021-04-28,1283.12,1296.48,1280.54,1294.06,206895500
918,2021-04-29,1294.79,1312.62,1294.79,1312.28,242336900
919,2021-05-04,1312.08,1329.18,1285.9,1328.03,274202700
920,2021-05-05,1328.47,1360.76,1328.47,1346.89,274663200
921,2021-05-06,1346.93,1352.57,1337.28,1344.64,226859700
922,2021-05-07,1344.09,1347.8,1329.51,1340.73,291435700
923,2021-05-10,1339.75,1371.51,1335.39,1370.66,302727000
924,2021-05-11,1370.71,1382.06,1359.19,1359.19,262049600
925,2021-05-12,1358.59,1380.23,1350.8,1380.17,264230000
926,2021-05-13,1379.19,1385.72,1370.18,1370.18,271897300
927,2021-05-14,1370.14,1386.09,1370.14,1380.02,251133900
928,2021-05-17,1381.13,1391.89,1371.22,1371.36,254610700
929,2021-05-18,1371.75,1381.36,1367.85,1378.59,252829000
930,2021-05-19,1378.97,1402.45,1378.43,1401.71,279667100
931,2021-05-20,1402.31,1424.92,1396.23,1424.92,270201500
932,2021-05-21,1424.77,1433.01,1412.78,1425.04,267790400
933,2021-05-24,1425.11,1433.59,1421.17,1430.48,256209400
934,2021-05-25,1428.42,1445.6,1427.56,1444.01,209778800
935,2021-05-26,1443.93,1456.55,1440.6,1455.11,233969200
936,2021-05-27,1455.48,1457.46,1433.76,1437.38,264785900
937,2021-05-28,1437.74,1460.68,1433.55,1458.78,300175000
938,2021-05-31,1459.04,1475.09,1449.66,1474.78,293022200
939,2021-06-01,1473.28,1496.55,1473.28,1482.92,255910200
940,2021-06-02,1483.53,1488.93,1469.49,1478.85,277182000
941,2021-06-03,1479.75,1506.27,1479.75,1504.37,318348000
942,2021-06-04,1504.18,1509.38,1496.36,1508.35,336486800
943,2021-06-07,1508.08,1508.65,1472.1,1484.1,309807000
944,2021-06-08,1481.88,1493.36,1436.72,1438.97,328466400
945,2021-06-09,1438.47,1465.93,1426.04,1457.76,279949900
946,2021-06-10,1457.17,1464.4,1443.74,1451.18,253444200
947,2021-06-11,1451.43,1489.95,1448.46,1487.61,264960500
948,2021-06-14,1488.88,1504.32,1483.82,1495.51,249571500
949,2021-06-15,1493.52,1498.75,1481.03,1487.04,239018700
950,2021-06-16,1486.76,1487.68,1462.99,1465.58,241627200
951,2021-06-17,1463.98,1469.44,1445.39,1461.91,211574000
952,2021-06-18,1461.96,1484.89,1461.96,1481.3,198662900
953,2021-06-21,1481.15,1486.12,1473.11,1478.29,205148100
954,2021-06-22,1481.13,1498.12,1481.13,1489.24,211641600
955,2021-06-23,1489.27,1502.79,1485.13,1489.53,197836400
956,2021-06-24,1489.51,1497.92,1482.38,1486.96,175257700
957,2021-06-25,1486.99,1500.94,1480.64,1500.3,180213400
958,2021-06-28,1502.02,1523.58,1502.02,1521.41,215306300
959,2021-06-29,1521.51,1536.96,1521.51,1529.97,203545700
960,2021-06-30,1530.33,1540.9,1528.1,1529.0,192676300
961,2021-07-01,1529.09,1545.14,1525.24,1545.14,253521100
962,2021-07-02,1546.54,1558.45,1546.54,1554.59,242776200
963,2021-07-05,1554.59,1560.44,1533.18,1557.41,309397900
964,2021-07-06,1557.92,1565.29,1488.42,1488.42,298837000
965,2021-07-07,1501.44,1538.77,1472.81,1538.77,306583400
966,2021-07-08,1530.4,1536.51,1509.9,1521.21,218880200
967,2021-07-09,1510.0,1526.35,1480.6,1494.43,287668400
968,2021-07-12,1488.29,1495.92,1406.14,1443.1,412553600
969,2021-07-13,1454.56,1457.05,1419.09,1440.87,174503600
970,2021-07-14,1442.2,1446.13,1395.16,1410.3,215228900
971,2021-07-15,1402.67,1441.57,1402.36,1430.29,189776500
972,2021-07-16,1439.96,1446.36,1433.16,1438.05,152452100
973,2021-07-19,1403.96,1413.24,1367.61,1374.15,268708600
974,2021-07-20,1379.41,1411.02,1357.31,1411.02,221511500
975,2021-07-21,1415.71,1422.8,1402.42,1406.54,149343500
976,2021-07-22,1404.49,1432.43,1400.2,1428.48,162697100
977,2021-07-23,1422.07,1430.43,1401.53,1401.53,235469400
978,2021-07-26,1397.01,1409.94,1384.87,1403.96,152848200
979,2021-07-27,1415.5,1423.3,1408.8,1409.85,190307000
980,2021-07-28,1406.25,1415.39,1402.6,1407.5,120700100
981,2021-07-29,1419.55,1427.55,1413.59,1427.55,166489800
982,2021-07-30,1430.48,1451.45,1428.85,1447.23,224343000
983,2021-08-02,1443.6,1457.89,1438.35,1448.21,198500500
984,2021-08-03,1449.97,1469.87,1449.33,1469.87,225709900
985,2021-08-04,1476.82,1480.28,1465.66,1472.2,218545200
986,2021-08-05,1469.13,1488.79,1465.1,1486.46,193618800
987,2021-08-06,1488.11,1491.52,1476.79,1476.79,211700400
988,2021-08-09,1472.78,1499.9,1467.32,1497.83,206115700
989,2021-08-10,1506.5,1508.92,1490.0,1494.41,185390800
990,2021-08-11,1497.13,1506.8,1487.91,1487.91,245343900
991,2021-08-12,1487.1,1493.69,1477.06,1477.06,184219700
992,2021-08-13,1477.72,1484.67,1463.48,1484.25,207219000
993,2021-08-16,1490.7,1504.03,1487.52,1500.77,258600300
994,2021-08-17,1508.41,1512.27,1488.74,1494.12,217175800
995,2021-08-18,1493.12,1500.17,1484.26,1489.54,192677500
996,2021-08-19,1489.74,1505.01,1479.6,1505.01,206497700
997,2021-08-20,1495.67,1497.03,1436.24,1450.45,348767300
998,2021-08-23,1443.67,1446.73,1412.0,1412.0,250637200
999,2021-08-24,1415.71,1423.46,1406.94,1418.26,203685300
1000,2021-08-25,1420.74,1430.58,1411.07,1428.51,153263700
1001,2021-08-26,1432.37,1433.67,1408.08,1412.45,152194200
1002,2021-08-27,1403.99,1418.57,1391.88,1418.57,202511100
1003,2021-08-30,1427.48,1434.25,1420.77,1431.05,154142100
1004,2021-08-31,1435.52,1437.38,1425.71,1428.66,152484200
1005,2021-09-01,1425.35,1434.73,1423.08,1426.94,176638100
1006,2021-09-06,1433.03,1441.92,1429.55,1441.54,208734600
1007,2021-09-07,1446.0,1454.82,1441.69,1444.1,205271300
1008,2021-09-08,1447.43,1448.44,1431.38,1433.71,152206200
1009,2021-09-09,1432.84,1449.16,1431.55,1447.28,166188800
1010,2021-09-10,1451.78,1453.81,1447.44,1448.33,139146600
1011,2021-09-13,1450.0,1454.72,1444.71,1444.99,162870500
1012,2021-09-14,1444.24,1448.71,1436.98,1438.16,148168200
1013,2021-09-15,1433.17,1447.64,1432.76,1444.85,130108600
1014,2021-09-16,1452.89,1454.23,1442.77,1448.98,134634300
1015,2021-09-17,1452.31,1459.94,1451.38,1455.59,188921000
1016,2021-09-20,1468.11,1474.66,1454.95,1458.66,180834700
1017,2021-09-21,1444.75,1455.71,1433.77,1446.22,167219900
1018,2021-09-22,1449.44,1454.19,1440.02,1453.22,122875100
1019,2021-09-23,1456.46,1466.0,1453.02,1458.23,138284900
1020,2021-09-24,1460.63,1464.12,1456.89,1459.94,141119100
1021,2021-09-27,1462.86,1464.5,1439.2,1439.2,148690000
1022,2021-09-28,1433.7,1454.79,1430.89,1451.12,141163200
1023,2021-09-29,1450.73,1453.66,1440.55,1450.52,169808300
1024,2021-09-30,1452.76,1461.94,1452.55,1453.76,118787000
1025,2021-10-01,1450.9,1453.24,1438.52,1441.83,188812300
1026,2021-10-04,1442.87,1446.78,1433.05,1443.61,220195000
1027,2021-10-05,1446.77,1456.37,1444.49,1456.21,152940400
1028,2021-10-06,1461.98,1461.98,1453.78,1461.72,157608000
1029,2021-10-07,1467.95,1470.64,1460.87,1462.74,142851700
1030,2021-10-08,1466.78,1476.54,1463.07,1476.54,137767900
1031,2021-10-11,1481.29,1511.21,1480.31,1510.27,211043700
1032,2021-10-12,1514.78,1517.21,1504.24,1509.57,162655700
1033,2021-10-13,1512.73,1519.11,1502.19,1505.55,137277800
1034,2021-10-14,1504.85,1511.14,1498.21,1503.38,159952700
1035,2021-10-15,1508.37,1512.61,1499.7,1504.84,151731800
1036,2021-10-18,1508.88,1517.7,1505.39,1510.49,167733700
1037,2021-10-19,1512.1,1513.83,1503.89,1507.19,142509300
1038,2021-10-20,1507.19,1516.74,1486.26,1505.03,182022000
1039,2021-10-21,1509.05,1510.2,1489.26,1489.26,166371200
1040,2021-10-22,1495.32,1498.25,1486.57,1488.71,127282900
1041,2021-10-25,1492.35,1492.35,1476.97,1476.97,202649000
1042,2021-10-26,1474.36,1483.65,1467.02,1482.62,143685900
1043,2021-10-27,1487.45,1516.46,1485.12,1516.46,201353000
1044,2021-10-28,1522.11,1530.77,1513.12,1529.26,190779100
1045,2021-10-29,1529.42,1534.51,1521.04,1532.35,197579000
1046,2021-11-01,1534.17,1534.88,1513.98,1516.75,252416300
1047,2021-11-02,1514.91,1522.9,1514.75,1521.35,186412200
1048,2021-11-03,1526.38,1537.59,1519.39,1530.65,324556200
1049,2021-11-04,1531.92,1535.9,1524.54,1528.21,173097200
1050,2021-11-05,1531.06,1536.47,1523.16,1531.76,156544900
1051,2021-11-08,1535.12,1541.83,1528.71,1535.66,219015500
1052,2021-11-09,1539.25,1542.75,1524.36,1527.13,210505900
1053,2021-11-10,1530.69,1531.7,1518.89,1523.79,204461200
1054,2021-11-11,1524.73,1526.72,1503.77,1514.36,258427300
1055,2021-11-12,1514.96,1529.47,1504.52,1527.94,152556600
1056,2021-11-15,1534.16,1534.44,1521.94,1528.68,232161500
1057,2021-11-16,1527.11,1530.32,1513.5,1517.22,214948000
1058,2021-11-17,1517.67,1522.5,1513.65,1519.58,165538300
1059,2021-11-18,1522.39,1523.19,1503.42,1503.42,256828300
1060,2021-11-19,1507.45,1521.63,1486.59,1500.05,322630600
1061,2021-11-22,1503.19,1530.43,1502.25,1517.04,274789700
1062,2021-11-23,1518.39,1533.12,1513.23,1533.12,173026700
1063,2021-11-24,1534.87,1567.77,1530.61,1565.29,371792500
1064,2021-11-25,1573.29,1579.56,1567.67,1572.46,255689400
1065,2021-11-26,1576.52,1587.0,1564.39,1566.55,286506800
1066,2021-11-29,1541.22,1558.86,1541.22,1553.04,270835200
1067,2021-11-30,1567.44,1568.09,1531.82,1537.59,254246000
1068,2021-12-01,1536.67,1549.81,1531.2,1549.81,183018700
1069,2021-12-02,1553.21,1555.49,1540.88,1540.88,155692100
1070,2021-12-03,1550.81,1551.97,1503.98,1503.98,237844400
1071,2021-12-06,1507.45,1515.47,1464.91,1480.92,264304900
1072,2021-12-07,1493.07,1512.62,1488.13,1512.62,167560600
1073,2021-12-08,1515.59,1523.95,1508.69,1516.16,176054000
1074,2021-12-09,1509.4,1529.61,1509.4,1529.61,141320100
1075,2021-12-10,1528.17,1533.23,1517.59,1519.46,172565800
1076,2021-12-13,1523.74,1526.53,1517.98,1520.8,166213200
1077,2021-12-14,1518.39,1529.93,1513.14,1516.44,170665700
1078,2021-12-15,1516.91,1525.14,1512.05,1519.42,150689400
1079,2021-12-16,1526.63,1526.75,1501.41,1510.17,187576000
1080,2021-12-17,1513.36,1520.97,1511.19,1513.56,220350000
1081,2021-12-20,1519.69,1521.62,1509.54,1513.6,180132400
1082,2021-12-21,1512.01,1517.69,1507.89,1511.48,175784000
1083,2021-12-22,1514.98,1519.74,1498.96,1504.12,220183200
1084,2021-12-23,1504.61,1506.43,1470.94,1477.37,241493800
1085,2021-12-24,1484.51,1507.48,1481.37,1506.67,197961200
1086,2021-12-27,1515.24,1517.45,1500.31,1514.55,134565900
1087,2021-12-28,1518.56,1523.54,1509.58,1523.54,189418700
1088,2021-12-29,1525.82,1528.9,1515.94,1515.94,154782700
1089,2021-12-30,1515.75,1526.2,1515.75,1519.62,145697200
1090,2021-12-31,1523.58,1537.32,1523.41,1535.71,183408500
1091,2022-01-04,1536.45,1562.54,1536.45,1558.87,207489800
1092,2022-01-05,1559.33,1562.93,1546.01,1546.01,222221200
1093,2022-01-06,1542.34,1554.97,1541.19,1544.95,231961100
1094,2022-01-07,1548.77,1550.47,1532.24,1532.24,200626600
1095,2022-01-10,1531.13,1537.71,1514.7,1514.7,200034100
1096,2022-01-11,1516.74,1519.84,1497.78,1499.74,187023400
1097,2022-01-12,1498.63,1530.04,1484.93,1530.04,282093000
1098,2022-01-13,1533.38,1548.49,1524.66,1526.43,308816900
1099,2022-01-14,1523.96,1530.2,1513.17,1523.57,135949400
1100,2022-01-17,1523.17,1529.28,1478.61,1478.61,290137800
1101,2022-01-18,1473.04,1489.13,1464.41,1477.06,214017600
1102,2022-01-19,1479.74,1491.0,1475.06,1482.55,142261000
1103,2022-01-20,1479.81,1499.47,1474.67,1492.81,163721300
1104,2022-01-21,1497.61,1508.65,1492.21,1502.16,218982600
1105,2022-01-24,1496.36,1499.22,1465.76,1471.31,243478300
1106,2022-01-25,1471.56,1516.16,1466.07,1516.16,191549000
1107,2022-01-26,1519.9,1533.61,1516.96,1525.31,236863500
1108,2022-01-27,1520.82,1528.81,1507.26,1516.57,158584300
1109,2022-01-28,1516.4,1535.57,1515.85,1532.24,194567300
1110,2022-02-07,1548.38,1555.01,1541.25,1541.25,182867100
1111,2022-02-08,1539.49,1555.01,1537.16,1550.46,218959100
1112,2022-02-09,1554.59,1570.32,1552.44,1552.44,230550700
1113,2022-02-10,1554.98,1557.89,1536.02,1548.95,225002900
1114,2022-02-11,1544.76,1549.37,1540.5,1545.92,167675800
1115,2022-02-14,1530.5,1536.77,1505.07,1505.07,254064100
1116,2022-02-15,1508.25,1530.04,1506.69,1527.36,180952200
1117,2022-02-16,1534.39,1534.5,1517.52,1521.47,122057100
1118,2022-02-17,1521.37,1540.51,1521.37,1540.51,146568200
1119,2022-02-18,1525.21,1533.53,1523.88,1531.47,155104600
1120,2022-02-21,1530.65,1537.56,1522.48,1533.4,163183400
1121,2022-02-22,1532.07,1532.36,1510.07,1532.36,223625500
1122,2022-02-23,1536.6,1547.19,1534.19,1538.83,158142200
1123,2022-02-24,1537.5,1540.13,1503.22,1522.04,275311400
1124,2022-02-25,1531.97,1540.13,1526.5,1526.5,198105100
1125,2022-02-28,1525.58,1533.32,1512.45,1517.18,193571200
1126,2022-03-01,1521.44,1525.0,1515.49,1520.12,187030700
1127,2022-03-02,1516.31,1517.49,1495.16,1498.61,291452900
1128,2022-03-03,1507.53,1522.49,1502.41,1522.49,244078000
1129,2022-03-04,1525.23,1529.93,1519.97,1525.34,220071600
1130,2022-03-07,1514.76,1518.32,1505.79,1509.12,222534800
1131,2022-03-08,1500.07,1506.65,1486.68,1490.17,222308000
1132,2022-03-09,1493.96,1497.75,1485.15,1489.25,190158600
1133,2022-03-10,1491.9,1505.5,1490.24,1490.24,148748300
1134,2022-03-11,1487.92,1490.83,1469.22,1477.14,178186800
1135,2022-03-14,1471.44,1473.98,1454.34,1461.1,177210100
1136,2022-03-15,1461.4,1469.52,1455.16,1468.89,136415100
1137,2022-03-16,1475.17,1478.42,1467.95,1472.69,106836400
1138,2022-03-17,1480.32,1480.86,1469.92,1469.92,109378100
1139,2022-03-18,1474.02,1482.96,1474.02,1476.94,148418800
1140,2022-03-21,1480.29,1502.67,1480.29,1502.67,124702300
1141,2022-03-22,1507.38,1516.7,1506.1,1513.4,155225300
1142,2022-03-23,1514.61,1519.58,1505.59,1505.59,132331300
1143,2022-03-24,1506.49,1506.79,1496.96,1497.44,115640400
1144,2022-03-25,1499.34,1503.18,1494.28,1498.36,109442400
1145,2022-03-28,1493.12,1497.06,1477.72,1484.16,177240800
1146,2022-03-29,1484.95,1501.05,1484.95,1500.57,110331000
1147,2022-03-30,1497.98,1513.91,1496.59,1500.23,163897200
1148,2022-03-31,1502.38,1512.47,1500.67,1508.53,121691400
1149,2022-04-01,1509.01,1542.47,1506.11,1542.47,195611900
1150,2022-04-04,1558.21,1558.98,1546.46,1548.04,160184300
1151,2022-04-05,1544.34,1549.77,1539.2,1539.2,125174200
1152,2022-04-06,1534.23,1558.41,1529.23,1557.11,203573500
1153,2022-04-07,1561.14,1566.09,1541.96,1541.96,198966000
1154,2022-04-08,1541.78,1547.6,1524.31,1524.31,156336400
1155,2022-04-12,1530.3,1532.03,1506.41,1507.2,152481700
1156,2022-04-13,1512.37,1526.44,1506.45,1525.39,143871600
1157,2022-04-14,1526.49,1534.28,1517.07,1518.01,119609300
1158,2022-04-15,1514.89,1518.85,1491.26,1493.74,181765300
1159,2022-04-18,1493.17,1493.24,1466.73,1468.25,194441900
1160,2022-04-19,1471.63,1478.5,1440.61,1440.61,156620100
1161,2022-04-20,1440.9,1453.81,1434.87,1435.5,150221600
1162,2022-04-21,1434.77,1452.41,1422.7,1426.87,172358900
1163,2022-04-22,1439.32,1455.15,1419.05,1444.32,150755100
1164,2022-04-25,1444.79,1445.62,1356.36,1366.39,202426300
1165,2022-04-26,1347.83,1397.43,1318.5,1396.9,181776700
1166,2022-04-27,1394.85,1407.7,1362.87,1402.03,108117400
1167,2022-04-28,1400.6,1407.82,1392.24,1400.88,91674500
1168,2022-04-29,1397.8,1417.31,1394.17,1417.31,128034900
1169,2022-05-04,1415.43,1415.45,1389.59,1389.59,114189600
1170,2022-05-05,1402.6,1405.43,1373.42,1404.88,122134200
1171,2022-05-06,1399.54,1399.54,1371.0,1373.21,129906600
1172,2022-05-09,1358.56,1360.64,1308.34,1314.04,200878800
1173,2022-05-10,1312.1,1345.46,1285.67,1345.46,157234400
1174,2022-05-11,1344.14,1355.11,1324.2,1349.82,94773600
1175,2022-05-12,1337.01,1339.25,1279.48,1279.76,163224300
1176,2022-05-13,1281.28,1284.94,1219.52,1223.76,237555200
1177,2022-05-16,1254.88,1258.25,1214.29,1215.08,172770300
1178,2022-05-17,1211.88,1279.55,1203.51,1279.55,161817400
1179,2022-05-18,1289.5,1298.69,1268.13,1286.41,159937700
1180,2022-05-19,1259.59,1291.49,1255.63,1283.55,130077200
1181,2022-05-20,1284.89,1296.0,1273.4,1282.51,110100400
1182,2022-05-23,1287.49,1287.65,1245.41,1255.35,139331100
1183,2022-05-24,1255.77,1272.71,1242.36,1272.71,146366400
1184,2022-05-25,1277.54,1311.32,1273.29,1310.7,172697800
1185,2022-05-26,1312.56,1319.21,1304.59,1309.5,127930000
1186,2022-05-27,1311.78,1336.99,1310.64,1335.68,139406400
1187,2022-05-30,1337.39,1342.87,1329.38,1342.87,121531100
1188,2022-05-31,1342.08,1342.08,1324.46,1332.59,127915900
1189,2022-06-01,1329.02,1341.47,1323.07,1335.49,127582100
1190,2022-06-02,1339.12,1342.47,1319.85,1325.49,133902700
1191,2022-06-03,1322.45,1329.9,1313.4,1327.4,100179800
1192,2022-06-06,1328.73,1336.96,1320.97,1327.04,132834400
1193,2022-06-07,1323.19,1324.37,1297.98,1324.37,153980900
1194,2022-06-08,1328.95,1348.4,1325.65,1342.03,163072000
1195,2022-06-09,1344.56,1346.13,1335.28,1342.92,126600400
1196,2022-06-10,1332.93,1344.85,1325.69,1325.69,136585200
1197,2022-06-13,1295.26,1300.45,1260.85,1260.85,199019600
1198,2022-06-14,1247.39,1271.28,1245.26,1261.16,145640500
1199,2022-06-15,1263.96,1268.33,1231.12,1253.09,167431200
1200,2022-06-16,1266.87,1292.02,1263.56,1280.37,156455300
1201,2022-06-17,1254.05,1259.39,1229.74,1258.03,187300200
1202,2022-06-20,1258.3,1262.83,1223.03,1225.56,168768300
1203,2022-06-21,1220.76,1240.8,1212.69,1224.54,172801800
1204,2022-06-22,1233.28,1242.06,1222.86,1227.18,142695000
1205,2022-06-23,1219.4,1240.58,1219.08,1240.58,105240000
1206,2022-06-24,1239.54,1246.22,1234.72,1235.47,90437000
1207,2022-06-27,1238.23,1256.67,1237.79,1256.67,110597100
1208,2022-06-28,1254.35,1276.21,1249.57,1273.41,151571400
1209,2022-06-29,1259.83,1274.73,1259.41,1273.4,113295900
1210,2022-06-30,1273.99,1276.23,1248.92,1248.92,118013500
1211,2022-07-01,1247.7,1255.67,1225.64,1252.24,118891000
1212,2022-07-04,1256.2,1260.72,1244.5,1248.37,112840000
1213,2022-07-05,1252.48,1256.47,1239.8,1242.05,162030600
1214,2022-07-06,1241.19,1241.19,1211.94,1211.94,131179800
1215,2022-07-07,1212.36,1229.23,1209.97,1229.23,98638500
1216,2022-07-08,1235.65,1236.85,1225.04,1231.54,115987500
1217,2022-07-11,1224.2,1224.2,1200.15,1209.02,131002300
1218,2022-07-12,1208.06,1219.44,1204.84,1219.44,88675600
1219,2022-07-13,1216.83,1225.85,1213.41,1216.94,117179900
1220,2022-07-14,1213.73,1224.01,1211.14,1221.94,106757900
1221,2022-07-15,1224.15,1228.48,1217.21,1220.14,147665700
1222,2022-07-18,1225.4,1225.69,1213.28,1214.28,104038500
1223,2022-07-19,1213.55,1213.64,1204.61,1211.7,100592900
1224,2022-07-20,1220.25,1229.62,1217.45,1225.62,123377500
1225,2022-07-21,1227.31,1240.91,1226.88,1235.25,127715400
1226,2022-07-22,1238.46,1241.65,1228.84,1228.84,106142000
1227,2022-07-25,1228.11,1231.84,1219.61,1222.6,94341400
1228,2022-07-26,1221.43,1227.1,1218.11,1218.49,93438000
1229,2022-07-27,1218.13,1219.43,1211.42,1219.43,95584100
1230,2022-07-28,1228.73,1240.65,1226.95,1236.14,180062100
1231,2022-07-29,1243.17,1243.17,1232.0,1232.0,142294000
1232,2022-08-01,1233.85,1256.25,1233.64,1256.25,175842500
1233,2022-08-02,1256.32,1266.14,1248.97,1265.97,172175300
1234,2022-08-03,1259.26,1271.39,1256.39,1269.83,184352300
1235,2022-08-04,1273.71,1281.46,1270.66,1277.73,164088200
1236,2022-08-05,1274.48,1276.19,1265.93,1272.06,172672400
1237,2022-08-08,1270.27,1280.13,1270.13,1276.7,141948100
1238,2022-08-09,1281.38,1285.52,1275.12,1281.44,161794800
1239,2022-08-10,1279.58,1283.06,1276.07,1277.15,117050500
1240,2022-08-11,1282.09,1289.29,1267.04,1272.33,175275100
1241,2022-08-12,1271.39,1280.96,1267.14,1280.96,113933600
1242,2022-08-15,1287.13,1294.11,1285.02,1293.79,149048700
1243,2022-08-16,1293.72,1297.38,1290.52,1295.1,155261200
1244,2022-08-17,1297.25,1304.49,1296.58,1300.4,146611100
1245,2022-08-18,1299.09,1311.73,1295.54,1299.93,162054000
1246,2022-08-19,1297.97,1303.73,1289.57,1294.93,154225000
1247,2022-08-22,1294.78,1295.69,1281.96,1285.45,128864900
1248,2022-08-23,1276.09,1292.0,1275.57,1292.0,130485700
1249,2022-08-24,1295.07,1300.4,1291.96,1296.41,113650300
1250,2022-08-25,1299.26,1311.55,1299.26,1311.55,127468800
1251,2022-08-26,1314.73,1320.16,1304.68,1306.81,152914600
1252,2022-08-29,1296.03,1296.03,1275.4,1293.25,174325400
1253,2022-08-30,1293.41,1307.12,1293.41,1298.14,112858600
1254,2022-08-31,1295.71,1306.45,1294.34,1301.44,103562800
1255,2022-09-05,1300.5,1305.62,1294.44,1298.15,110009200
1256,2022-09-06,1298.74,1305.9,1296.58,1299.06,121911600
1257,2022-09-07,1297.31,1298.17,1268.95,1268.95,187243100
1258,2022-09-08,1277.63,1279.34,1265.57,1265.57,124239300
1259,2022-09-09,1273.37,1275.64,1259.35,1275.64,161748700
1260,2022-09-12,1281.62,1285.17,1275.45,1275.6,100037700
1261,2022-09-13,1277.48,1279.55,1271.22,1272.48,94065400
1262,2022-09-14,1254.44,1262.8,1250.98,1260.88,142289600
1263,2022-09-15,1267.24,1269.54,1260.51,1262.82,101057100
1264,2022-09-16,1259.9,1263.97,1248.13,1252.78,155329900
1265,2022-09-19,1251.43,1253.45,1225.18,1229.88,152498300
1266,2022-09-20,1235.93,1241.07,1224.96,1241.07,94432100
1267,2022-09-21,1235.84,1236.05,1223.02,1228.2,76490900
1268,2022-09-22,1217.63,1229.26,1210.65,1228.94,98659200
1269,2022-09-23,1227.34,1230.72,1213.74,1215.41,88494000
1270,2022-09-26,1199.39,1201.89,1172.37,1187.22,175236400
1271,2022-09-27,1190.46,1193.79,1181.43,1182.46,85342600
1272,2022-09-28,1173.82,1177.58,1160.66,1160.66,92268300
1273,2022-09-29,1166.59,1177.21,1147.44,1147.44,88046900
1274,2022-09-30,1140.18,1158.2,1128.57,1152.01,154777200
1275,2022-10-03,1141.87,1144.95,1094.49,1102.0,159888000
1276,2022-10-04,1113.8,1117.87,1088.41,1097.72,147867000
1277,2022-10-05,1114.6,1128.94,1112.26,1117.38,114403700
1278,2022-10-06,1117.7,1119.76,1079.75,1081.36,141259300
1279,2022-10-07,1064.72,1067.03,1027.64,1039.54,261705900
1280,2022-10-10,1025.48,1052.24,1011.44,1038.93,178313500
1281,2022-10-11,1031.12,1031.12,987.27,1001.68,200927800
1282,2022-10-12,1004.53,1039.33,999.0,1034.93,150966500
1283,2022-10-13,1034.2,1051.24,1020.97,1051.24,127128600
1284,2022-10-14,1051.24,1070.3,1051.24,1061.39,167534171
1285,2022-10-17,1061.39,1061.39,1028.34,1047.2,152928430
1286,2022-10-18,1047.2,1068.9,1047.2,1059.06,143012550
1287,2022-10-19,1059.06,1062.27,1044.69,1053.65,123906900
1288,2022-10-20,1053.65,1060.79,1041.08,1053.26,130638701
1289,2022-10-21,1053.26,1055.34,1002.09,1010.57,216534700
1290,2022-10-24,1010.57,1013.24,961.79,973.88,241483959
1291,2022-10-25,973.88,1006.69,950.19,991.52,212688800
1292,2022-10-26,991.52,999.59,979.4,990.41,115506296
1293,2022-10-27,990.41,1028.5,986.54,1028.5,179884700
1294,2022-10-28,1028.5,1046.04,1024.74,1029.49,161746234
1295,2022-10-31,1029.49,1031.66,999.47,1026.84,210218265
1296,2022-11-01,1026.84,1049.77,1026.84,1038.09,249797921
1297,2022-11-02,1038.09,1039.42,1020.48,1025.18,181380500
1298,2022-11-03,1025.18,1029.53,1010.57,1023.8,134736881
1299,2022-11-04,1023.8,1023.8,971.72,997.92,270967900
1300,2022-11-07,997.92,999.43,968.84,972.85,224790100
1301,2022-11-08,972.85,981.51,950.81,980.09,237119300
1302,2022-11-09,980.09,993.28,969.19,979.68,181347869
1303,2022-11-10,979.68,979.68,925.02,936.8,277706388
1304,2022-11-11,936.8,963.55,936.8,948.86,246030057
1305,2022-11-14,948.86,948.86,913.5,936.31,244849500
1306,2022-11-15,936.31,936.31,893.49,904.77,253785688
1307,2022-11-16,904.77,942.56,863.31,940.29,304006800
1308,2022-11-17,940.29,975.42,940.29,971.04,215842275
1309,2022-11-18,971.04,977.19,941.18,971.2,324253590
1310,2022-11-21,971.2,972.15,951.62,956.89,170801200
1311,2022-11-22,956.89,980.26,941.85,945.54,391041730
1312,2022-11-23,945.54,951.86,933.26,938.73,158757090
1313,2022-11-24,938.73,941.69,925.55,940.76,159667952
1314,2022-11-25,940.76,967.49,940.76,967.49,177101941
1315,2022-11-28,967.49,1006.06,967.49,1004.34,422052789
1316,2022-11-29,1004.34,1029.04,995.12,1029.04,379072900
1317,2022-11-30,1034.78,1049.21,1018.59,1049.21,355348253
1318,2022-12-01,1059.8,1073.32,1040.95,1042.64,447570301
1319,2022-12-02,1038.11,1092.99,1037.08,1092.99,348074950
1320,2022-12-05,1094.39,1120.56,1094.39,1110.94,458244822
1321,2022-12-06,1109.5,1109.5,1054.06,1054.06,413679700
1322,2022-12-07,1054.06,1064.73,1037.15,1047.58,271871758
1323,2022-12-08,1061.99,1093.64,1055.63,1062.73,321409800
1324,2022-12-09,1069.38,1076.67,1051.62,1065.08,270417873
1325,2022-12-12,1071.27,1073.44,1037.42,1037.42,288409362
1326,2022-12-13,1038.63,1056.43,1028.37,1056.43,256578700
1327,2022-12-14,1056.76,1071.02,1052.25,1056.17,239681868
1328,2022-12-15,1055.8,1076.03,1055.49,1068.08,257613200
1329,2022-12-16,1061.58,1077.27,1058.88,1064.07,274332537
1330,2022-12-19,1063.72,1081.55,1050.22,1050.22,276034552
1331,2022-12-20,1048.17,1049.39,1015.66,1029.79,310034530
1332,2022-12-21,1041.05,1041.65,1011.9,1033.1,230416537
1333,2022-12-22,1033.72,1048.84,1031.29,1038.34,201783000
1334,2022-12-23,1037.91,1041.37,1022.51,1034.13,154911580
1335,2022-12-26,1034.13,1034.13,987.77,987.77,210881660
1336,2022-12-27,987.77,1015.01,985.67,1007.36,175708516
1337,2022-12-28,1009.19,1023.24,997.12,1013.95,173130700
1338,2022-12-29,1013.95,1022.15,1008.3,1008.3,183192316
1339,2022-12-30,1016.71,1017.45,1005.19,1005.19,131583262
1340,2023-01-03,1010.52,1047.25,1010.03,1047.25,168076890
1341,2023-01-04,1051.66,1059.01,1046.61,1050.15,194066700
1342,2023-01-05,1052.32,1065.99,1051.6,1061.9,173066500
1343,2023-01-06,1060.14,1075.33,1053.29,1057.4,224898700
1344,2023-01-09,1065.24,1068.77,1056.64,1061.14,155963075
1345,2023-01-10,1061.14,1066.08,1052.09,1060.53,157044100
1346,2023-01-11,1065.69,1076.22,1063.96,1065.22,171500504
1347,2023-01-12,1068.47,1072.81,1059.52,1066.24,136779576
1348,2023-01-13,1071.91,1077.45,1063.68,1069.86,164559600
1349,2023-01-16,1069.86,1076.97,1066.78,1075.71,175402111
1350,2023-01-17,1077.48,1103.73,1077.48,1103.73,227034300
1351,2023-01-18,1106.89,1117.23,1104.98,1115.72,168975590
1352,2023-01-19,1115.72,1126.12,1108.96,1121.92,216635136
1353,2023-01-27,1128.45,1142.08,1125.12,1130.65,172091700
1354,2023-01-30,1132.45,1132.97,1113.95,1113.95,207463800
1355,2023-01-31,1112.6,1125.07,1098.65,1125.07,235460400
1356,2023-02-01,1128.13,1130.2,1088.09,1088.09,301201938
1357,2023-02-02,1093.55,1099.39,1082.97,1093.48,177250030
1358,2023-02-03,1093.48,1095.87,1081.05,1085.7,217973915
1359,2023-02-06,1078.72,1094.45,1073.44,1094.37,200110458
1360,2023-02-07,1094.51,1096.93,1068.71,1069.5,217527174
1361,2023-02-08,1072.08,1082.89,1064.93,1073.38,210312000
1362,2023-02-09,1070.32,1076.48,1059.91,1059.91,159596800
1363,2023-02-10,1060.91,1064.53,1048.13,1048.74,155044173
1364,2023-02-13,1044.49,1045.6,1024.98,1040.4,171337570
1365,2023-02-14,1040.4,1042.96,1030.51,1034.93,145795777
1366,2023-02-15,1032.58,1048.85,1028.11,1043.34,227345600
1367,2023-02-16,1043.34,1055.26,1040.01,1055.26,149814245
1368,2023-02-17,1055.26,1057.59,1047.13,1053.72,140701499
1369,2023-02-20,1052.38,1087.36,1052.36,1087.36,208901143
1370,2023-02-21,1089.77,1096.35,1080.12,1080.9,184942156
1371,2023-02-22,1078.98,1078.98,1051.08,1051.08,210970400
1372,2023-02-23,1050.07,1050.95,1026.92,1050.95,197636360
1373,2023-02-24,1048.22,1048.27,1027.16,1030.42,108555958
1374,2023-02-27,1028.67,1028.67,1006.32,1011.46,156543058
1375,2023-02-28,1018.66,1026.65,1009.18,1014.96,105687967
1376,2023-03-01,1013.83,1034.43,1001.05,1034.43,131333700
1377,2023-03-02,1032.84,1037.73,1025.13,1028.73,99603783
1378,2023-03-03,1029.59,1033.71,1011.61,1013.35,104304028
1379,2023-03-06,1022.57,1034.56,1014.26,1014.26,125958188
1380,2023-03-07,1025.78,1037.97,1024.02,1027.16,170411948
1381,2023-03-08,1017.35,1040.59,1017.35,1040.59,156690772
1382,2023-03-09,1042.11,1056.56,1041.49,1050.28,197198170
1383,2023-03-10,1044.51,1049.45,1039.59,1047.2,133913643
1384,2023-03-13,1042.6,1053.64,1041.25,1050.07,243524400
1385,2023-03-14,1047.47,1049.35,1032.51,1037.35,182492000
1386,2023-03-15,1040.63,1064.65,1040.63,1064.38,221040860
1387,2023-03-16,1056.81,1059.61,1039.89,1046.99,182056692
1388,2023-03-17,1053.48,1055.2,1043.28,1047.71,202256378
1389,2023-03-20,1047.71,1047.71,1021.67,1024.5,164937444
1390,2023-03-21,1031.34,1036.18,1016.77,1035.04,156753074
1391,2023-03-22,1035.49,1046.48,1035.04,1043.14,166878440
1392,2023-03-23,1038.93,1046.6,1033.23,1046.6,129969221
1393,2023-03-24,1049.05,1056.67,1047.46,1051.42,176831840
1394,2023-03-27,1052.68,1059.65,1046.8,1056.45,181919270
1395,2023-03-28,1060.85,1064.68,1055.81,1058.82,208284900
1396,2023-03-29,1059.87,1061.45,1053.12,1061.45,154068452
1397,2023-03-30,1061.45,1073.93,1061.45,1067.24,194925633
1398,2023-03-31,1067.72,1078.15,1067.72,1073.68,201090200
1399,2023-04-03,1080.9,1088.83,1080.9,1088.72,243680000
1400,2023-04-04,1090.07,1091.13,1084.04,1088.34,191895655
1401,2023-04-05,1088.33,1089.83,1082.73,1089.83,204674600
1402,2023-04-06,1091.15,1093.99,1078.86,1078.86,243422238
1403,2023-04-07,1079.0,1080.9,1071.6,1078.88,146698286
1404,2023-04-10,1082.62,1087.6,1074.59,1077.41,219767618
1405,2023-04-11,1075.76,1082.89,1067.28,1081.71,193855916
1406,2023-04-12,1083.06,1084.26,1077.86,1080.69,215225404
1407,2023-04-13,1081.78,1082.21,1072.11,1074.67,174523508
1408,2023-04-14,1078.36,1079.87,1063.43,1063.43,187065200
1409,2023-04-17,1063.18,1065.4,1058.55,1065.02,114379770
1410,2023-04-18,1067.02,1068.54,1060.75,1064.55,134409500
1411,2023-04-19,1067.67,1067.74,1055.77,1056.14,151937901
1412,2023-04-20,1056.74,1057.82,1050.35,1053.61,99720100
1413,2023-04-21,1053.61,1055.48,1045.78,1046.18,161345398
1414,2023-04-24,1049.24,1054.0,1041.46,1046.17,128174200
1415,2023-04-25,1046.6,1051.54,1036.93,1037.04,140714693
1416,2023-04-26,1036.3,1045.24,1029.94,1045.24,201808038
1417,2023-04-27,1045.78,1048.26,1040.32,1041.54,131265497
1418,2023-04-28,1045.38,1051.43,1044.56,1051.43,160878113
1419,2023-05-04,1046.32,1047.93,1038.23,1039.64,145240418
1420,2023-05-05,1039.64,1042.11,1035.07,1038.46,129117575
1421,2023-05-08,1041.07,1050.56,1041.04,1049.72,164025106
1422,2023-05-09,1049.86,1054.49,1049.23,1049.67,117918104
1423,2023-05-10,1051.62,1055.36,1048.6,1054.99,146280111
1424,2023-05-11,1058.02,1061.48,1053.62,1054.93,141886403
1425,2023-05-12,1054.93,1066.44,1051.75,1066.44,182046102
1426,2023-05-15,1067.26,1080.72,1067.26,1070.9,216174310
1427,2023-05-16,1072.98,1073.66,1066.92,1069.64,153878585
1428,2023-05-17,1069.54,1073.87,1062.1,1062.1,196360018
1429,2023-05-18,1062.1,1076.86,1062.1,1070.76,170413100
1430,2023-05-19,1072.77,1072.77,1060.72,1068.84,139289969
1431,2023-05-22,1070.37,1073.89,1068.55,1073.74,161751864
1432,2023-05-23,1074.26,1076.89,1063.85,1068.05,185649901
1433,2023-05-24,1072.23,1072.52,1060.83,1061.55,184909124
1434,2023-05-25,1061.16,1064.24,1057.35,1062.15,151028748
1435,2023-05-26,1064.26,1064.95,1060.14,1060.81,124763701
1436,2023-05-29,1063.62,1070.97,1062.79,1069.77,152587804
1437,2023-05-30,1069.77,1074.46,1066.98,1071.82,190075102
1438,2023-05-31,1072.72,1074.3,1063.44,1066.33,225241086
1439,2023-06-01,1065.27,1068.09,1060.29,1068.09,187186300
1440,2023-06-02,1074.51,1089.22,1073.95,1086.96,291748932
1441,2023-06-05,1097.53,1100.37,1090.52,1091.08,232265806
1442,2023-06-06,1091.71,1102.32,1090.95,1102.32,210898762
1443,2023-06-07,1104.3,1107.09,1100.11,1105.68,292465688
1444,2023-06-08,1107.86,1110.87,1092.46,1092.46,335872857
1445,2023-06-09,1095.41,1100.85,1089.37,1100.85,225459635
1446,2023-06-12,1104.08,1109.63,1092.3,1109.63,202099138
1447,2023-06-13,1110.95,1115.39,1108.5,1115.39,274580478
1448,2023-06-14,1115.39,1123.86,1110.6,1110.6,275200539
1449,2023-06-15,1110.52,1113.23,1104.6,1108.57,184877168
1450,2023-06-16,1108.59,1125.62,1105.74,1109.06,351475740
1451,2023-06-19,1110.01,1111.21,1098.31,1098.94,230000822
1452,2023-06-20,1098.92,1104.27,1095.38,1104.27,184144596
1453,2023-06-21,1104.24,1112.07,1101.27,1112.07,219413594
1454,2023-06-22,1119.25,1122.6,1115.57,1117.6,240271351
1455,2023-06-23,1119.02,1127.29,1117.41,1126.76,257164360
1456,2023-06-26,1130.04,1134.11,1118.53,1131.23,271238241
1457,2023-06-27,1134.28,1135.65,1128.2,1134.41,217880288
1458,2023-06-28,1135.89,1143.53,1131.92,1141.12,305687622
1459,2023-06-29,1141.81,1142.72,1125.29,1125.29,246464908
1460,2023-06-30,1125.21,1127.28,1121.21,1123.13,195222466
1461,2023-07-03,1127.12,1130.09,1120.63,1123.37,155795038
1462,2023-07-04,1123.54,1128.35,1119.29,1128.0,199625739
1463,2023-07-05,1131.15,1134.68,1128.19,1129.76,247723408
1464,2023-07-06,1129.74,1131.54,1115.91,1119.44,246210214
1465,2023-07-07,1118.2,1129.43,1116.02,1129.43,194483271
1466,2023-07-10,1134.97,1143.16,1132.73,1143.16,259869365
1467,2023-07-11,1144.35,1152.16,1143.6,1146.67,261098450
1468,2023-07-12,1147.63,1150.88,1141.81,1146.54,255160936
1469,2023-07-13,1152.58,1156.11,1148.71,1156.11,209814748
1470,2023-07-14,1156.11,1162.16,1146.26,1160.59,308578889
1471,2023-07-17,1164.52,1166.76,1160.47,1164.58,272900183
1472,2023-07-18,1163.7,1167.81,1159.05,1166.82,240364881
1473,2023-07-19,1166.82,1171.07,1165.19,1165.19,217851874
1474,2023-07-20,1165.19,1168.26,1159.64,1168.26,233031349
1475,2023-07-21,1167.74,1186.6,1166.55,1186.6,296867416
1476,2023-07-24,1191.3,1194.04,1182.45,1193.14,281766164
1477,2023-07-25,1195.13,1202.39,1194.89,1198.01,286220979
1478,2023-07-26,1198.04,1201.43,1195.31,1201.43,266954582
1479,2023-07-27,1201.11,1205.35,1192.35,1199.68,299632550
1480,2023-07-28,1199.9,1212.45,1197.53,1212.45,268863339
1481,2023-07-31,1212.45,1230.81,1212.45,1230.81,325942142
1482,2023-08-01,1239.52,1240.99,1222.18,1222.18,356220613
1483,2023-08-02,1220.7,1226.12,1216.67,1221.32,251564071
1484,2023-08-03,1219.88,1223.94,1207.43,1210.8,286506175
1485,2023-08-04,1211.77,1231.42,1211.77,1231.42,336291889
1486,2023-08-07,1230.38,1250.68,1230.38,1250.68,429672035
1487,2023-08-08,1252.05,1254.21,1243.84,1247.81,274841420
1488,2023-08-09,1246.12,1248.52,1235.87,1239.84,275682877
1489,2023-08-10,1241.59,1243.16,1225.0,1226.2,218826836
1490,2023-08-11,1235.59,1240.77,1221.03,1240.77,240928701
1491,2023-08-14,1245.06,1245.96,1234.12,1243.43,253529181
1492,2023-08-15,1243.43,1244.62,1236.55,1241.24,206010305
1493,2023-08-16,1240.88,1257.57,1240.88,1256.95,274581453
1494,2023-08-17,1257.81,1259.5,1247.82,1247.82,307955570
1495,2023-08-18,1240.54,1243.69,1187.03,1190.1,443950445
1496,2023-08-21,1190.69,1199.6,1178.54,1190.32,281143129
1497,2023-08-22,1192.11,1195.97,1158.6,1193.51,305306384
1498,2023-08-23,1206.61,1207.84,1177.5,1182.97,265444349
1499,2023-08-24,1182.97,1201.95,1180.46,1201.88,206776119
1500,2023-08-25,1201.73,1203.52,1190.54,1193.93,207862550
1501,2023-08-28,1200.26,1213.61,1199.02,1213.4,228021554
1502,2023-08-29,1215.97,1217.89,1207.72,1215.47,254564079
1503,2023-08-30,1215.62,1227.68,1214.77,1225.56,228446424
1504,2023-08-31,1225.93,1235.71,1225.93,1234.53,231906860
1505,2023-09-05,1241.49,1248.97,1238.6,1244.64,328757001
1506,2023-09-06,1246.83,1260.03,1238.44,1260.03,291806946
1507,2023-09-07,1261.35,1268.05,1251.89,1255.22,289213280
1508,2023-09-08,1252.1,1258.33,1247.95,1249.14,326297073
1509,2023-09-11,1251.38,1259.48,1227.4,1230.71,356714453
1510,2023-09-12,1230.7,1255.83,1227.32,1255.83,255519990
1511,2023-09-13,1258.04,1260.37,1241.95,1247.95,340184324
1512,2023-09-14,1247.87,1255.75,1231.53,1234.06,334157554
1513,2023-09-15,1235.25,1244.82,1231.77,1238.81,306820398
1514,2023-09-18,1238.81,1238.81,1214.74,1223.7,252412970
1515,2023-09-19,1224.26,1229.61,1212.51,1225.5,296750047
1516,2023-09-20,1224.64,1237.21,1221.64,1234.57,227354630
1517,2023-09-21,1234.14,1235.3,1217.78,1219.19,267738235
1518,2023-09-22,1210.14,1210.14,1180.11,1197.69,414227127
1519,2023-09-25,1197.69,1199.65,1159.94,1159.94,334741291
1520,2023-09-26,1159.94,1174.24,1152.44,1153.37,305428589
1521,2023-09-27,1154.54,1168.6,1141.09,1168.6,241758760
1522,2023-09-28,1167.96,1168.09,1144.47,1164.45,211432516
1523,2023-09-29,1164.45,1176.77,1164.45,1166.26,169672758
1524,2023-10-02,1166.64,1173.06,1159.16,1167.13,141582946
1525,2023-10-03,1156.86,1158.38,1128.54,1130.89,280565179
1526,2023-10-04,1129.15,1146.21,1118.74,1138.54,185028635
1527,2023-10-05,1141.22,1143.34,1124.48,1124.48,153849959
1528,2023-10-06,1125.62,1141.93,1120.28,1139.78,153208329
1529,2023-10-09,1139.07,1150.37,1135.67,1150.37,179493616
1530,2023-10-10,1153.05,1163.47,1153.05,1160.28,178299259
1531,2023-10-11,1161.87,1167.29,1154.45,1167.29,126868612
1532,2023-10-12,1167.62,1172.14,1162.0,1165.49,148924660
1533,2023-10-13,1158.34,1167.61,1152.58,1166.66,160424451
1534,2023-10-16,1165.75,1168.02,1151.13,1153.21,205015777
1535,2023-10-17,1157.63,1160.3,1141.03,1141.03,161603698
1536,2023-10-18,1143.95,1144.89,1108.68,1125.56,293761772
1537,2023-10-19,1126.67,1126.86,1104.89,1104.89,178218856
1538,2023-10-20,1104.83,1125.63,1094.78,1123.69,181990989
1539,2023-10-23,1122.73,1123.28,1099.34,1106.85,169215761
1540,2023-10-24,1109.18,1121.39,1102.05,1117.12,129685119
1541,2023-10-25,1117.92,1124.85,1113.28,1113.32,130822603
1542,2023-10-26,1092.56,1094.96,1056.32,1064.95,330096312
1543,2023-10-27,1070.98,1074.01,1050.32,1067.57,210864533
1544,2023-10-30,1063.14,1066.38,1047.63,1047.63,166465302
1545,2023-10-31,1049.56,1053.05,1034.12,1039.38,214693122
1546,2023-11-01,1038.9,1051.65,1034.04,1051.65,211514703
1547,2023-11-02,1052.14,1087.5,1052.14,1087.5,212256202
1548,2023-11-03,1088.31,1095.71,1082.83,1086.19,225736106
1549,2023-11-06,1086.19,1104.04,1086.19,1103.52,240349836
1550,2023-11-07,1100.4,1101.7,1091.38,1092.71,179989802
1551,2023-11-08,1092.51,1129.95,1086.85,1129.95,260956159
1552,2023-11-09,1130.64,1137.05,1122.72,1122.95,252448101
1553,2023-11-10,1113.38,1123.66,1107.51,1109.05,257736634
1554,2023-11-13,1109.14,1114.41,1099.18,1106.72,216757827
1555,2023-11-14,1112.37,1124.76,1109.79,1119.28,247433721
1556,2023-11-15,1130.53,1144.88,1128.64,1131.9,290981102
1557,2023-11-16,1128.57,1132.6,1123.29,1132.6,161613202
1558,2023-11-17,1135.52,1137.73,1096.44,1103.53,287950803
1559,2023-11-20,1091.66,1114.63,1085.74,1102.85,226641480
1560,2023-11-21,1103.6,1113.69,1102.33,1108.6,194760201
1561,2023-11-22,1108.6,1112.98,1098.21,1109.8,237253400
1562,2023-11-23,1111.93,1114.87,1082.68,1082.68,192864888
1563,2023-11-24,1085.26,1087.34,1068.59,1087.34,225407100
1564,2023-11-27,1087.34,1088.03,1076.62,1078.42,153964374
1565,2023-11-28,1078.86,1089.4,1068.24,1088.51,176040153
1566,2023-11-29,1088.51,1097.42,1087.95,1093.16,137448653
1567,2023-11-30,1091.44,1097.22,1081.7,1081.7,169296467
1568,2023-12-01,1081.7,1091.17,1077.33,1090.39,141733828
1569,2023-12-04,1094.42,1111.9,1093.85,1107.16,297478009
1570,2023-12-05,1108.02,1109.48,1097.05,1100.42,189582297
1571,2023-12-06,1100.42,1109.27,1100.14,1109.27,209560418
1572,2023-12-07,1109.67,1115.24,1096.22,1111.35,319852493
1573,2023-12-08,1111.28,1118.81,1109.67,1114.89,261219623
1574,2023-12-11,1114.89,1120.07,1111.73,1117.34,198805521
1575,2023-12-12,1119.26,1121.21,1114.98,1121.21,207307791
1576,2023-12-13,1123.34,1124.71,1105.71,1106.83,223686371
1577,2023-12-14,1111.12,1113.01,1102.67,1104.49,201577636
1578,2023-12-15,1104.94,1107.15,1097.4,1097.4,205960443
1579,2023-12-18,1097.4,1099.41,1082.8,1084.67,257475700
1580,2023-12-19,1083.6,1091.87,1076.36,1091.87,173002853
1581,2023-12-20,1092.29,1097.49,1088.63,1097.01,206287422
1582,2023-12-21,1097.01,1097.82,1089.59,1097.43,134576508
1583,2023-12-22,1097.23,1099.53,1093.19,1097.45,161826881
1584,2023-12-25,1099.72,1113.73,1099.44,1111.86,194637780
1585,2023-12-26,1112.4,1117.33,1111.11,1115.52,179230849
1586,2023-12-27,1116.48,1120.56,1115.78,1115.94,264059400
1587,2023-12-28,1116.66,1129.33,1115.17,1128.51,203492701
1588,2023-12-29,1130.89,1136.02,1130.09,1131.46,231102852
1589,2024-01-02,1137.11,1140.11,1129.78,1131.64,215072183
1590,2024-01-03,1131.57,1144.85,1126.57,1144.85,198944286
1591,2024-01-04,1145.72,1167.27,1144.57,1156.37,436809301
1592,2024-01-05,1156.71,1161.53,1152.79,1161.14,238491539
1593,2024-01-08,1164.43,1169.95,1159.73,1163.52,277139201
1594,2024-01-09,1163.61,1164.86,1156.01,1160.21,243371201
1595,2024-01-10,1160.5,1168.93,1158.53,1162.68,367994000
1596,2024-01-11,1162.68,1172.49,1159.52,1163.56,287315950
1597,2024-01-12,1161.72,1167.94,1149.61,1163.66,385307501
1598,2024-01-15,1168.07,1172.16,1161.3,1161.3,226774393
1599,2024-01-16,1157.85,1170.19,1155.25,1170.19,225111527
1600,2024-01-17,1169.52,1177.01,1165.32,1166.61,258069157
1601,2024-01-18,1168.44,1175.6,1166.29,1173.91,190968801
1602,2024-01-19,1176.62,1185.23,1176.54,1185.23,237518700
1603,2024-01-22,1189.98,1192.57,1183.04,1189.56,288925832
1604,2024-01-23,1191.54,1193.19,1180.91,1183.85,234933314
1605,2024-01-24,1183.85,1188.11,1178.53,1179.45,248594801
1606,2024-01-25,1180.64,1180.68,1174.11,1177.52,166730901
1607,2024-01-26,1180.02,1184.9,1180.02,1182.82,179551893
1608,2024-01-29,1184.54,1185.62,1178.29,1179.17,173798701
1609,2024-01-30,1178.9,1182.49,1176.91,1181.71,186818537
1610,2024-01-31,1183.54,1185.27,1163.51,1166.33,425739164
1611,2024-02-01,1165.05,1175.62,1164.77,1173.35,182806174
1612,2024-02-02,1174.02,1178.85,1171.62,1174.76,246677111
1613,2024-02-05,1176.74,1201.33,1176.3,1197.36,337280702
1614,2024-02-06,1199.73,1203.83,1196.66,1199.17,186415300
1615,2024-02-07,1201.39,1214.54,1201.04,1212.7,208253518
1616,2024-02-15,1213.84,1226.09,1213.84,1217.12,300256521
1617,2024-02-16,1221.31,1224.54,1217.46,1224.54,223036531
1618,2024-02-19,1228.71,1240.2,1226.97,1240.2,366083743
1619,2024-02-20,1241.93,1243.81,1235.86,1241.65,290206392
1620,2024-02-21,1241.01,1248.23,1233.97,1242.08,357613101
1621,2024-02-22,1242.15,1243.58,1236.29,1239.9,253434746
1622,2024-02-23,1241.28,1256.11,1222.94,1223.09,497404672
1623,2024-02-26,1223.83,1234.52,1220.3,1233.31,279308070
1624,2024-02-27,1238.55,1248.24,1235.15,1247.91,359072521
1625,2024-02-28,1252.14,1265.35,1246.63,1265.35,312645309
1626,2024-02-29,1268.94,1276.9,1258.26,1265.75,350189805
1627,2024-03-01,1267.31,1269.07,1258.83,1267.07,277677296
1628,2024-03-04,1267.07,1275.36,1262.9,1268.53,333754338
1629,2024-03-05,1268.53,1280.17,1264.84,1280.17,290437530
1630,2024-03-06,1280.38,1288.06,1264.44,1271.07,322852796
1631,2024-03-07,1271.63,1279.92,1266.52,1276.56,265623657
1632,2024-03-08,1277.31,1281.52,1250.2,1250.2,438997600
1633,2024-03-11,1250.08,1255.3,1232.97,1235.12,316070657
1634,2024-03-12,1233.81,1244.95,1232.4,1242.23,251037342
1635,2024-03-13,1242.23,1272.28,1242.23,1272.28,265028001
1636,2024-03-14,1272.36,1277.29,1254.72,1260.32,272327824
1637,2024-03-15,1258.22,1264.77,1244.01,1256.42,278453204
1638,2024-03-18,1256.37,1258.38,1215.67,1235.74,448754709
1639,2024-03-19,1235.48,1241.23,1229.02,1234.74,264225398
1640,2024-03-20,1236.45,1262.31,1228.49,1259.06,316226701
1641,2024-03-21,1267.37,1281.57,1264.28,1281.57,329479703
1642,2024-03-22,1281.57,1295.79,1276.81,1284.14,511326679
1643,2024-03-25,1283.64,1288.91,1266.97,1270.0,302892201
1644,2024-03-26,1270.0,1287.89,1266.79,1286.23,241962613
1645,2024-03-27,1288.19,1290.76,1279.68,1288.77,251672309
1646,2024-03-28,1294.29,1306.42,1294.29,1303.2,336980786
1647,2024-03-29,1305.41,1306.01,1294.97,1296.9,288210403
1648,2024-04-01,1293.36,1298.59,1284.2,1292.62,256968205
1649,2024-04-02,1283.11,1292.3,1273.16,1292.3,407347848
1650,2024-04-03,1287.64,1290.84,1273.15,1274.27,297624451
1651,2024-04-04,1274.22,1278.67,1267.47,1267.65,269763614
1652,2024-04-05,1258.11,1265.65,1251.84,1257.78,268301157
1653,2024-04-08,1257.23,1260.17,1248.24,1254.72,257121900
1654,2024-04-09,1255.84,1266.92,1252.58,1266.92,209914100
1655,2024-04-10,1271.37,1276.08,1263.82,1263.82,237107520
1656,2024-04-11,1262.96,1266.71,1254.64,1262.86,179576100
1657,2024-04-12,1263.17,1285.3,1262.41,1284.74,471293612
1658,2024-04-15,1283.98,1287.46,1227.9,1227.9,538362257
1659,2024-04-16,1228.32,1234.28,1209.99,1232.7,417213811
1660,2024-04-17,1232.89,1237.08,1209.42,1210.74,258632636
1661,2024-04-19,1207.21,1210.32,1186.51,1194.03,316713075
1662,2024-04-22,1204.41,1214.24,1200.15,1206.64,244143276
1663,2024-04-23,1207.76,1213.96,1191.61,1200.37,273500146
1664,2024-04-24,1200.37,1234.87,1200.37,1232.17,280577090
1665,2024-04-25,1235.25,1236.99,1226.76,1233.72,176498597
1666,2024-04-26,1227.69,1245.52,1225.55,1240.5,205247390
1667,2024-05-02,1244.15,1248.41,1239.02,1247.21,180100603
1668,2024-05-03,1248.5,1259.83,1248.5,1255.62,221412372
1669,2024-05-06,1262.41,1274.62,1256.67,1274.62,292761268
1670,2024-05-07,1279.29,1285.43,1272.63,1284.85,213724770
1671,2024-05-08,1279.2,1285.12,1269.97,1284.85,327318728
1672,2024-05-09,1287.23,1289.92,1274.57,1281.47,248065742
1673,2024-05-10,1284.88,1285.22,1268.91,1277.47,182697639
1674,2024-05-13,1277.47,1281.58,1266.27,1272.53,198603493
1675,2024-05-14,1281.65,1287.51,1276.04,1277.31,209918068
1676,2024-05-15,1277.31,1294.71,1277.31,1289.97,249157874
1677,2024-05-16,1300.56,1311.4,1296.77,1308.27,317869013
1678,2024-05-17,1309.42,1312.95,1304.14,1310.15,309091269
1679,2024-05-20,1317.61,1322.13,1312.55,1312.55,415930573
1680,2024-05-21,1311.36,1313.19,1297.51,1308.62,275019568
1681,2024-05-22,1307.53,1311.11,1288.47,1291.46,365615503
1682,2024-05-23,1290.38,1304.76,1283.26,1304.76,265508734
1683,2024-05-24,1304.74,1309.89,1272.98,1283.46,427909575
1684,2024-05-27,1286.97,1288.75,1275.98,1284.88,257285182
1685,2024-05-28,1291.18,1299.75,1285.83,1299.75,271938761
1686,2024-05-29,1299.75,1302.56,1284.02,1284.02,292280874
1687,2024-05-30,1279.32,1280.5,1263.44,1279.29,291836874
1688,2024-05-31,1280.08,1283.3,1273.85,1275.97,185017888
1689,2024-06-03,1285.07,1301.64,1284.95,1297.78,318033991
1690,2024-06-04,1305.12,1306.96,1298.4,1300.99,273463864
1691,2024-06-05,1302.07,1313.11,1299.66,1299.66,272392074
1692,2024-06-06,1303.85,1308.43,1296.37,1302.28,305583427
1693,2024-06-07,1303.32,1314.56,1302.53,1308.03,190932922
1694,2024-06-10,1314.28,1319.06,1306.53,1311.1,254560990
1695,2024-06-11,1315.48,1318.09,1301.43,1308.3,299197646
1696,2024-06-12,1308.89,1331.81,1305.27,1331.81,338197504
1697,2024-06-13,1331.91,1339.17,1327.79,1333.85,374819501
1698,2024-06-14,1336.35,1338.59,1316.46,1316.46,359321713
1699,2024-06-17,1317.64,1318.16,1305.5,1309.7,303239479
1700,2024-06-18,1314.39,1320.8,1309.89,1309.89,294416401
1701,2024-06-19,1309.89,1319.31,1300.67,1314.22,339434964
1702,2024-06-20,1316.78,1326.88,1311.43,1322.36,353450709
1703,2024-06-21,1323.77,1324.81,1316.07,1319.93,269196967
1704,2024-06-24,1317.31,1319.51,1287.26,1289.85,420389873
1705,2024-06-25,1290.12,1293.28,1281.89,1288.8,254199703
1706,2024-06-26,1291.04,1294.12,1276.44,1291.3,360677953
1707,2024-06-27,1291.3,1291.3,1282.24,1289.03,204237743
1708,2024-06-28,1289.31,1290.97,1272.27,1278.32,280506551
1709,2024-07-01,1278.22,1285.48,1271.2,1285.48,186818064
1710,2024-07-02,1288.21,1300.58,1286.07,1296.06,203010508
1711,2024-07-03,1296.08,1309.4,1296.08,1305.5,236379658
1712,2024-07-04,1309.16,1313.01,1304.31,1310.63,182023183
1713,2024-07-05,1310.82,1316.7,1307.98,1316.18,190631765
1714,2024-07-08,1317.01,1319.27,1309.55,1315.83,258969942
1715,2024-07-09,1315.35,1322.21,1309.15,1321.78,290145651
1716,2024-07-10,1322.24,1324.91,1310.91,1310.91,263503990
1717,2024-07-11,1315.08,1318.15,1306.22,1306.22,239675422
1718,2024-07-12,1304.75,1312.24,1298.45,1301.81,193341088
1719,2024-07-15,1301.83,1307.3,1294.03,1297.82,216634957
1720,2024-07-16,1298.14,1309.75,1298.14,1303.3,237155610
1721,2024-07-17,1308.6,1324.55,1291.5,1305.37,490373140
1722,2024-07-18,1305.25,1308.67,1290.05,1306.38,304398466
1723,2024-07-19,1306.38,1314.15,1296.61,1302.32,327720683
1724,2024-07-22,1302.32,1305.96,1288.59,1299.31,302718545
1725,2024-07-23,1301.57,1304.81,1277.39,1278.67,271050925
1726,2024-07-24,1274.42,1284.18,1262.77,1280.51,279909113
1727,2024-07-25,1271.75,1275.49,1265.88,1272.18,193169585
1728,2024-07-26,1273.66,1281.84,1272.59,1281.84,153268629
1729,2024-07-29,1287.85,1292.33,1285.04,1285.73,145755782
1730,2024-07-30,1285.65,1289.78,1279.24,1287.82,187072516
1731,2024-07-31,1289.45,1300.74,1288.83,1299.09,284652464
1732,2024-08-01,1299.09,1303.86,1266.73,1272.0,311828126
1733,2024-08-02,1269.67,1281.01,1253.68,1281.01,258956894
1734,2024-08-05,1262.68,1264.87,1226.37,1232.11,417014614
1735,2024-08-06,1243.81,1256.23,1232.19,1252.81,269099470
1736,2024-08-07,1259.22,1259.39,1245.46,1253.58,265722501
1737,2024-08-08,1247.89,1256.36,1238.41,1243.31,273250377
1738,2024-08-09,1243.31,1265.94,1243.31,1264.84,198136740
1739,2024-08-12,1264.84,1273.16,1259.6,1271.44,207410124
1740,2024-08-13,1269.09,1272.21,1262.91,1268.72,198758845
1741,2024-08-14,1268.72,1275.26,1268.69,1270.38,193064947
1742,2024-08-15,1270.0,1272.25,1263.44,1265.32,167322812
1743,2024-08-16,1266.95,1291.89,1266.95,1291.68,311927135
1744,2024-08-19,1296.6,1301.88,1294.21,1299.04,248691183
1745,2024-08-20,1299.04,1309.41,1299.04,1305.25,243195765
1746,2024-08-21,1302.26,1318.19,1300.28,1317.69,358454031
1747,2024-08-22,1317.69,1322.67,1315.42,1318.57,247475212
1748,2024-08-23,1320.41,1323.9,1311.1,1321.15,244166543
1749,2024-08-26,1323.26,1326.85,1316.17,1318.6,276202288
1750,2024-08-27,1317.85,1324.57,1315.97,1322.28,241837052
1751,2024-08-28,1325.77,1327.64,1320.18,1323.54,225863566
1752,2024-08-29,1322.93,1332.27,1322.93,1326.67,228330203
1753,2024-08-30,1328.5,1333.56,1327.61,1331.52,169940524
1754,2024-09-04,1319.88,1321.32,1311.4,1317.71,238947631
1755,2024-09-05,1318.31,1322.56,1306.76,1309.05,275497061
1756,2024-09-06,1309.72,1315.63,1304.78,1315.39,300909432
1757,2024-09-09,1315.39,1315.39,1303.04,1307.15,179886343
1758,2024-09-10,1309.56,1312.49,1291.16,1294.06,278476462
1759,2024-09-11,1292.14,1298.37,1285.66,1293.88,176860868
1760,2024-09-12,1298.83,1301.83,1296.16,1297.61,162362731
1761,2024-09-13,1297.84,1298.56,1291.82,1294.3,176944648
1762,2024-09-16,1292.54,1298.79,1281.37,1281.37,247445248
1763,2024-09-17,1282.84,1303.65,1281.16,1303.65,235855566
1764,2024-09-18,1304.91,1317.7,1302.07,1310.94,414417026
1765,2024-09-19,1315.17,1319.41,1312.28,1318.41,259475599
1766,2024-09-20,1325.02,1336.79,1324.9,1326.0,429391735
1767,2024-09-23,1329.93,1333.73,1320.95,1321.12,221766407
1768,2024-09-24,1321.12,1330.87,1318.29,1330.87,508823725
1769,2024-09-25,1337.8,1344.07,1334.06,1344.07,414538633
1770,2024-09-26,1346.43,1359.71,1344.01,1350.85,442506468
1771,2024-09-27,1355.13,1361.2,1346.91,1352.57,420989004
1772,2024-09-30,1352.57,1354.91,1346.18,1352.56,295678984
1773,2024-10-01,1355.22,1370.14,1355.22,1358.88,377389818
1774,2024-10-02,1354.67,1361.46,1350.92,1354.51,318595507
1775,2024-10-03,1355.78,1371.67,1345.28,1346.46,425801922
1776,2024-10-04,1347.32,1348.23,1336.21,1336.21,254165016
1777,2024-10-07,1342.85,1345.76,1328.45,1335.48,203447023
1778,2024-10-08,1337.9,1344.38,1331.61,1339.05,258946574
1779,2024-10-09,1340.56,1352.52,1338.93,1351.97,328216772
1780,2024-10-10,1355.69,1370.15,1355.69,1360.58,310671914
